"total.price.NTD.1","The.villages.and.towns.urban.district","land.sector.position.building.sector.house.number.plate","day","busfar","convifar","all_post_office","all.police.station.far","schoolfar","hospital.far","materials","guard"
93764.3433217494,"·s²ø°Ï","·s¥_¥«·s²ø°Ï«C¤s¸ô¤@¬q¢µ¢³¤§¢°¸¹¤Q¤G¼Ó",6138,10800,12400,4400,3400,13200,10900,3,1
77705.6797244252,"·s©±°Ï","·s¥_¥«·s©±°Ï¹FÆ[¸ô¢³¢°¤§¢µ¸¹",8537,8100,10300,13400,8500,4100,10000,3,1
68587.1056241427,"·s©±°Ï","·s¥_¥«·s©±°ÏÀA¨q¸ô¢´¢¶«Ñ¢°¸¹¥|¼Ó",14822,8100,4200,13300,8500,3000,9700,3,1
167032.595845296,"¦Á¤î°Ï","·s¥_¥«¦Á¤î°ÏªF¶Õµó¢±¢¯¢°«Ñ¢°¢µ¢²§Ë¢·¢·¸¹¤G¼Ó",1599,7300,7200,13200,8200,6800,8200,3,1
184508.268059182,"¦Á¤î°Ï","·s¥_¥«¦Á¤î°ÏªF¶Õµó¢±¢¯¢°«Ñ¢°¢µ¢²§Ë¢³¢°¸¹¤G¼Ó",1627,7300,7200,13200,7200,6800,8200,3,1
99469.4960212202,"·s©±°Ï","·s¥_¥«·s©±°Ï¦w®õ¸ô¢²¢·¸¹¤G¼Ó",2506,7700,8900,12900,8000,8300,8800,3,1
123659.305993691,"¦Á¤î°Ï","·s¥_¥«¦Á¤î°ÏªF¶Õµó¢¶¢µ«Ñ¢´¢°§Ë¢°¢·¸¹¢±¼Ó",7664,7000,6800,12900,6800,6400,7900,3,1
88361.5248674577,"¦Á¤î°Ï","·s¥_¥«¦Á¤î°ÏªF¶Õµó¢±¢¯¢°«Ñ¢´¸¹¤­¼Ó",5287,6900,6700,12800,6700,6300,7800,3,1
63847.9001135074,"¤­ªÑ°Ï","·s¥_¥«¤­ªÑ°Ï¤»¦Xµó¢³¢²¸¹¤­¼Ó",5066,500,500,12200,950,1000,900,3,1
25817.5559380379,"·s©±°Ï","·s¥_¥«·s©±°ÏªQªL¸ô¢´¢²¡Ð¢°¸¹¥|¼Ó",13734,8800,12700,12100,10100,8200,11900,3,1
69195.6011367849,"·s©±°Ï","·s¥_¥«·s©±°Ï¦w²»¸ô¢°¢¯¢µ«Ñ¢±¢³¢µ¸¹¤G¼Ó",8819,9500,11100,12100,10200,4700,11100,3,1
74192.443784956,"¤­ªÑ°Ï","·s¥_¥«¤­ªÑ°Ï¤»¦Xµó¢°¢µ¸¹¥|¼Ó",5063,450,1300,12100,900,1000,850,3,1
69139.7420555777,"·s©±°Ï","·s¥_¥«·s©±°Ï¦w²»¸ô¢°¢°¢¯«Ñ¢³¢´¸¹¤Q¤C¼Ó",9676,9400,10800,12000,9800,10000,10900,3,1
125526.157546603,"¦Á¤î°Ï","·s¥_¥«¦Á¤î°Ï©y¿³µó¢¸«Ñ¢°¢³¸¹¢²¼Ó",10520,6100,6200,12000,6900,5500,7000,3,1
90611.4123141339,"·s©±°Ï","·s¥_¥«·s©±°Ïª´ºÀ¸ô¢´¢²«Ñ¢°¢´¸¹¤T¼Ó",11777,6700,8900,11900,7100,7300,8800,3,1
51664.7531572905,"·s©±°Ï","·s¥_¥«·s©±°ÏªQªL¸ô¢²¢¯¡Ð¢±¸¹¤»¼Ó",14831,8500,11800,11700,9700,1900,11600,3,1
87672.688629118,"·s©±°Ï","·s¥_¥«·s©±°Ï´I¶Qµó¢±¢²«Ñ¢°¢³¸¹¥|¼Ó",13854,6300,8500,11500,6700,1100,8400,3,0
89590.6329001641,"·s©±°Ï","·s¥_¥«·s©±°Ï¦w²»¸ô¢°¢¯¢·«Ñ¢¸¸¹¤»¼Ó",3637,8900,600,11500,9300,3800,10400,3,1
97236.9819341127,"·s©±°Ï","·s¥_¥«·s©±°Ï´I¶Qµó¢±¢²«Ñ¢°¢´¸¹",13870,6300,8500,11500,6700,1100,8400,3,0
116402.116402116,"·s©±°Ï","·s¥_¥«·s©±°Ï¹´«H¸ô¢°¢²¢±«Ñ¢·¸¹",13210,6100,8200,11300,6500,950,7900,3,1
73135.7552581262,"·s©±°Ï","·s¥_¥«·s©±°Ï´I¶Qµó¢µ«Ñ¢´¸¹¥|¼Ó",12993,6000,8200,11200,6300,6600,8100,3,0
64095.6587310137,"·s©±°Ï","·s¥_¥«·s©±°Ï¾¤©ú¸ô¢µ¢²«Ñ¢±¢±¸¹¤T¼Ó",11733,5700,7900,11000,6100,6400,7900,3,1
128642.348370386,"·s©±°Ï","·s¥_¥«·s©±°Ï©}¤Ø¸ô¢°¢µ¢¸¸¹",27,7100,11000,10400,8400,12400,10200,3,1
88986.1415025529,"·s©±°Ï","·s¥_¥«·s©±°Ï¦w²»¸ô¢µ¢¸«Ñ¢´¢¸¸¹",6068,7700,450,10200,8100,8300,9200,3,1
91078.0669144982,"·s©±°Ï","·s¥_¥«·s©±°Ïªá¶é¤­¸ô¤@¬q¢±¢±¸¹¦a¤U¤@¼h",9447,6400,10300,9700,7700,3800,9500,3,1
89756.5353977336,"·s©±°Ï","·s¥_¥«·s©±°Ïªá¶é¤­¸ô¤@¬q¢°¢·¸¹¤G¼Ó",9842,6400,10300,9600,7600,5800,9500,3,1
108576.551449348,"ªO¾ô°Ï","·s¥_¥«ªO¾ô°Ïª÷ªùµó¢²¢°¢¶«Ñ¢°¸¹¤»¼Ó¤§¤@",9955,7000,8900,9600,6700,7300,8500,3,1
159423.578804039,"¾ðªL°Ï","·s¥_¥«¾ðªL°Ï¾Ç¦¨¸ô¢´¢³¢¶¸¹¤Q¼Ó",4373,9000,9700,9400,9200,8400,8400,3,1
84898.2785602504,"·s©±°Ï","·s¥_¥«·s©±°Ï¦w¼wµó¢°¢³¢·«Ñ¢²¢°¸¹¤T¼Ó",12837,4100,6100,9300,4500,4700,6100,3,0
95516.5692007797,"·s©±°Ï","·s¥_¥«·s©±°Ïªá¶é¤G¸ô¤@¬q¢°¢°¡Ð¢±¢¯¢°¸¹",16752,6000,9900,9200,7200,11300,9100,3,1
163946.371320315,"·s©±°Ï","·s¥_¥«·s©±°Ï¦w±d¸ô¤G¬q¢°¢´¢¸«Ñ¢²¢²¸¹¥|¼Ó",8235,3700,6000,8900,4100,1500,6000,3,1
145854.657113613,"·s©±°Ï","·s¥_¥«·s©±°Ï¦w±d¸ô¤G¬q¢°¢³¢¸¤§¢¶¸¹¥|¼Ó",4830,3600,5700,8800,4000,4200,5800,3,1
93551.8519801809,"¦Á¤î°Ï","·s¥_¥«¦Á¤î°Ï°ê¿³µó¢°¢µ«Ñ¢±¢±¸¹¢°¢°¼Ó¡B°ê¿³µó¢°¢µ«Ñ¢±¢³¸¹¢°¢°¼Ó",9462,7000,6800,8400,6800,6400,7800,3,1
140520.896426408,"·s©±°Ï","·s¥_¥«·s©±°Ï¦w±d¸ô¤G¬q¢¸¢°«Ñ¢°¤§¢²¸¹¤Q¼Ó",635,3200,5400,8400,3600,3900,5500,3,1
71574.3638590284,"¤K¨½°Ï","·s¥_¥«¤K¨½°ÏÀs¦Ì¸ô¤@¬q¢°¢¸¢·¸¹¤Q¤­¼Ó¤§¢³",6092,8700,6200,8200,8300,7600,7900,3,1
85929.1084854995,"¤K¨½°Ï","·s¥_¥«¤K¨½°ÏÀs¦Ì¸ô¤@¬q¢±¢¯¢¯¸¹¤Q¥|¼Ó¤§¢µ",6102,8700,6200,8200,8300,7600,7800,3,1
93587.5216637782,"¤K¨½°Ï","·s¥_¥«¤K¨½°ÏÀs¦Ì¸ô¤@¬q¢±¢¯¢·¸¹¤»¼Ó¤§¢·",5553,8700,6100,8100,8300,7500,7800,3,1
94060.2682459502,"¤K¨½°Ï","·s¥_¥«¤K¨½°ÏÀs¦Ì¸ô¤@¬q¢±¢¯¢·¸¹¤»¼Ó¤§¢¸",5553,8700,6100,8100,8300,7500,7800,3,1
94559.585492228,"¤K¨½°Ï","·s¥_¥«¤K¨½°ÏÀs¦Ì¸ô¤@¬q¢±¢¯¢·¸¹¤K¼Ó¤§¢´",5536,8700,6100,8100,8300,7500,7800,3,1
39333.8934229477,"ª÷¤s°Ï","·s¥_¥«ª÷¤s°Ï¤s«°¸ô¢¸¢¸¸¹¢²¼Ó",8005,7100,7200,8000,7700,4000,6300,3,1
89827.0828654839,"²H¤ô°Ï","·s¥_¥«²H¤ô°Ï¦Û±j¸ô¢·¢¯«Ñ¢°¢¸¸¹¤Q¤K¼Ó",10707,6800,6600,8000,7500,7300,1700,3,1
148484.040188495,"·s©±°Ï","·s¥_¥«·s©±°Ï¥ÝÂ×¤G¸ô¢²¢·¸¹¤G¼Ó",8785,6400,9100,8000,6800,7000,8200,3,1
36782.1547223541,"ª÷¤s°Ï","·s¥_¥«ª÷¤s°Ï¤s«°¸ô¢°¢¯«Ñ¢±¢·§Ë¢°¸¹",9238,6900,7000,7800,7500,3800,6100,3,1
53988.7187751813,"¤K¨½°Ï","·s¥_¥«¤K¨½°ÏÀs§Î¤Gµó¢²¢¸¸¹¤­¼Ó",10655,8300,5800,7800,7900,7200,7500,3,1
92092.0920920921,"ªO¾ô°Ï","·s¥_¥«ªO¾ô°Ï·Ë±X¤Gµó¢¶¢µ¸¹¤G¼Ó¤§¤­",13443,5200,6900,7800,4900,5500,7100,3,1
139085.384078908,"¾ðªL°Ï","·s¥_¥«¾ðªL°Ï¾Ç¶Ô¸ô¢²¢·¢·¸¹¤G¤Q¤C¼Ó",5043,8300,8300,7800,7600,6800,6800,3,1
48833.4237655996,"·çªÚ°Ï","·s¥_¥«·çªÚ°Ï¤j®H¸ô¢°¢µ¢¯¤§¢°¸¹¥|¼Ó",9625,6700,9500,7700,6900,8400,6600,3,0
114970.05988024,"¤K¨½°Ï","·s¥_¥«¤K¨½°ÏÀs¦Ì¸ô¤@¬q¢²¢·¢·¤§¢°¢´¸¹¤­¼Ó",539,8300,5700,7700,7900,7100,7400,3,1
126347.305389222,"¤K¨½°Ï","·s¥_¥«¤K¨½°ÏÀs¦Ì¸ô¤@¬q¢²¢·¢·¤§¢°¢²¸¹¤Q¤­¼Ó",544,8300,5700,7700,7900,7100,7400,3,1
37244.76382438,"¤T®l°Ï","·s¥_¥«¤T®l°Ïµµ·s¸ô¢´¢¶¸¹¤T¼Ó",9626,7200,7100,7600,7300,8400,10600,3,1
95902.3539668701,"ªO¾ô°Ï","·s¥_¥«ªO¾ô°Ï¤jÆ[¸ô¤T¬q¢±¢°¢±«Ñ¢²¢±¸¹¤»¼Ó",11421,4900,6600,7500,4600,6300,6800,3,0
139863.975427819,"ªO¾ô°Ï","·s¥_¥«ªO¾ô°Ïª÷ªùµó¢·¢´¸¹¤­¼Ó",4004,4800,6500,7400,4500,5100,6600,3,1
69573.7727959521,"¦Á¤î°Ï","·s¥_¥«¦Á¤î°Ï¤j¦P¸ô¤@¬q¢°¢°¢°«Ñ¢°¢·¸¹¤K¼Ó",3229,5900,6900,7300,5400,4800,8000,3,1
71818.7889502762,"¦Á¤î°Ï","·s¥_¥«¦Á¤î°Ï´ò«eµó¢°¢°¢¯«Ñ¢¸¢¶§Ë¢°¢°¤§¢±¸¹¢´¼Ó",8275,5500,5700,7200,5200,4800,6300,3,1
74690.5676483141,"¤K¨½°Ï","·s¥_¥«¤K¨½°ÏÀs¦Ì¸ô¤G¬q¢²¢µ¸¹¤Q¤K¼Ó¤§¢´",3204,7600,6100,7100,7200,6500,6700,3,1
106546.460403647,"¤K¨½°Ï","·s¥_¥«¤K¨½°ÏÀs¦Ì¸ô¤G¬q¢²¢µ¸¹¤Q¼Ó¤§¢²",3190,7600,6100,7100,7200,6500,6700,3,1
55563.2726767607,"¦Á¤î°Ï","·s¥_¥«¦Á¤î°Ï±d¹çµó¢°¢µ¢¸«Ñ¢±¢¶¸¹¢±¼Ó",9745,5300,5500,7000,5100,4600,6100,3,1
165975.10373444,"·s©±°Ï","·s¥_¥«·s©±°Ï³»«°¤»µó¢·¸¹¤G¼Ó¤§¢°",5522,3600,6300,6900,4000,6200,5400,3,1
90909.0909090909,"²H¤ô°Ï","·s¥_¥«²H¤ô°Ï¦Û¥ß¸ô¢°«Ñ¢°¸¹¤»¼Ó",9021,7600,5600,6800,7500,6300,1700,3,1
135805.481011629,"¤g«°°Ï","·s¥_¥«¤g«°°Ï¤¤¥¡¸ô¥|¬q¢±¢´¢¶¸¹¤Q¤G¼Ó",2514,4400,6200,6800,3900,3700,4400,3,1
91387.4273054556,"¤K¨½°Ï","·s¥_¥«¤K¨½°ÏÀs¦Ì¸ô¤G¬q¢²¢·¸¹¤E¼Ó",3177,7200,4700,6700,6800,6100,6400,3,1
109452.736318408,"·s©±°Ï","·s¥_¥«·s©±°Ï¦w¼wµó¢¶¢°«Ñ¢·¸¹¥|¼Ó¤§¤@",11084,3500,5700,6700,3900,1700,5700,3,1
84199.3841416474,"·s©±°Ï","·s¥_¥«·s©±°Ï¥_©y¸ô¤G¬q¢´¢¶¢¸«Ñ¢°¢¸¸¹",15951,3600,7300,6600,4800,8900,6500,3,1
69997.7988113581,"¾ðªL°Ï","·s¥_¥«¾ðªL°Ï¬a¶éµó¤@¬q¢²¢²«Ñ¢µ¢´¸¹¤T¼Ó",8245,5700,7400,6400,6200,5800,5400,3,1
76681.9313349238,"¦Á¤î°Ï","·s¥_¥«¦Á¤î°Ï·s»O¤­¸ô¤@¬q¢¶¢´¸¹¢°¢¶¼Ó¤§¢´",10360,3700,3500,6400,3500,3100,5500,2,1
90826.5213442325,"¦Á¤î°Ï","·s¥_¥«¦Á¤î°Ï±d¹çµó¢²¢¯¢¶«Ñ¢°§Ë¢·¸¹¢°¢²¼Ó",10674,4700,4900,6400,4200,4000,5500,3,1
133148.404993065,"²H¤ô°Ï","·s¥_¥«²H¤ô°Ï¥ÁÅv¸ô¢±¢±¢°¸¹¤E¼Ó",5442,5400,6100,6400,6400,5800,1200,1,1
53696.5490144719,"¦Á¤î°Ï","·s¥_¥«¦Á¤î°ÏºÖ¼w¤G¸ô¢²¢´¢²¸¹¢²¼Ó",10995,4600,5200,6300,4300,3800,5400,3,1
68187.7786519801,"¦Á¤î°Ï","·s¥_¥«¦Á¤î°Ï§BÀïµó¢¸¢·«Ñ¢´¢³¸¹¢²¼Ó",9317,4600,4800,6300,4300,3900,5400,3,1
74790.3907432936,"¤­ªÑ°Ï","·s¥_¥«¤­ªÑ°Ï¤­Åv¤C¸ô¢°¢³¸¹¤­¼Ó",9445,6100,4500,6300,5300,5200,4900,3,1
125412.541254125,"²H¤ô°Ï","·s¥_¥«²H¤ô°Ï¥ÁÅv¸ô¢±¢±¢²¸¹¤Q¤T¼Ó¤§¢´",5444,5100,5800,6300,6200,5600,950,1,1
165837.479270315,"²H¤ô°Ï","·s¥_¥«²H¤ô°Ï¥ÁÅv¸ô¢±¢°¢´«Ñ¢°¢¯¢¯¸¹",16955,6800,4800,6200,6100,5500,850,3,0
108178.277801817,"¦Á¤î°Ï","·s¥_¥«¦Á¤î°Ï¥Á±Ú¤­µó¢°¢µ¸¹¢²¼Ó¤§¢·",8495,4400,4600,6100,4100,3600,5100,3,1
124170.777343086,"²H¤ô°Ï","·s¥_¥«²H¤ô°Ï¥Á±Ú¸ô¢²¢°«Ñ¢±¢°¸¹¤Q¤»¼Ó¤§¢µ",8612,6600,4600,6100,5900,5300,650,3,1
84510.7619173379,"¦Á¤î°Ï","·s¥_¥«¦Á¤î°Ï©ú®pµó¢°¢²¢¯¸¹¢²¼Ó",9429,4300,4500,6000,4000,3600,5100,3,1
108399.138549892,"·s©±°Ï","·s¥_¥«·s©±°Ï¥_©y¸ô¤G¬q¢³¢±¢°«Ñ¢±§Ë¢¸¢²¸¹",3185,3000,6700,6000,4300,8300,5900,3,1
123569.794050343,"¦Á¤î°Ï","·s¥_¥«¦Á¤î°Ï´ò«eµó¢¶¢¶«Ñ¢°¢±§Ë¢³¸¹¢°¢²¼Ó¤§¢±",10135,4300,4500,6000,4000,3500,5000,3,1
156953.642384106,"²H¤ô°Ï","·s¥_¥«²H¤ô°Ï¥ÁÅv¸ô¢°¢¸¢²¸¹¤Q¤E¼Ó¤§¢°",4098,5000,4700,5900,6000,5400,800,3,1
160333.950002372,"¤T­«°Ï","·s¥_¥«¤T­«°Ï¤T¼wµó¢µ¢¯¸¹¤G¼Ó",3184,2600,4300,5900,4100,4100,4000,3,1
87135.6147021546,"²H¤ô°Ï","·s¥_¥«²H¤ô°Ï¥Á¥Í¸ô¢°¢°¢¶«Ñ¢³¢¯¸¹",17080,6500,4400,5800,5700,5100,650,4,0
90462.687599419,"·s©±°Ï","·s¥_¥«·s©±°Ï¥_©y¸ô¤G¬q¢³¢±¢°«Ñ¢±§Ë¢¸¢¸¸¹¥|¼Ó",3180,2800,6500,5800,4100,8100,5700,3,1
94062.6359286646,"¦Á¤î°Ï","·s¥_¥«¦Á¤î°ÏºÖ¼w¤@¸ô¢°¢³¢°«Ñ¢±¢³¸¹¤T¼Ó",9987,4100,4300,5800,3800,3400,4900,3,1
103640.367923306,"¦Á¤î°Ï","·s¥_¥«¦Á¤î°Ï§BÀïµó¢µ¢±¤§¢°¸¹¢³¼Ó",9329,4200,4400,5800,3900,3400,4900,3,1
124111.474669976,"²H¤ô°Ï","·s¥_¥«²H¤ô°Ï¥Á±Ú¸ô¢²¢°¤§¢·¸¹¤Q¤@¼Ó¤§¢´",8622,4700,5500,5800,5800,5200,550,3,1
127669.241253975,"¦Á¤î°Ï","·s¥_¥«¦Á¤î°ÏºÖ¼w¤G¸ô¢°¢´¢µ«Ñ¢±¢¶¸¹",10262,4100,4300,5800,3800,3200,4800,3,1
141585.326611606,"¦Á¤î°Ï","·s¥_¥«¦Á¤î°ÏºÖ¼w¤@¸ô¢°¢³¢°«Ñ¢²¢¶¸¹¢±¼Ó",10115,4000,4300,5800,3800,3300,4800,3,1
141940.054013371,"ªO¾ô°Ï","·s¥_¥«ªO¾ô°Ï¦X©y¤@¸ô¢·¢´¸¹",1645,3200,5000,5800,3100,2900,5300,3,1
150406.504065041,"·s©±°Ï","·s¥_¥«·s©±°Ï¦w¥Áµó¢°¢´¢µ«Ñ¢±¢µ¸¹¤K¼Ó",4431,3600,4800,5800,5100,3000,4800,3,1
155367.976787127,"¤T­«°Ï","·s¥_¥«¤T­«°Ï¶°­^¸ô¢°¢²¢·¸¹¤­¼Ó",-94,4100,4600,5700,4900,3900,4200,3,1
159209.545115585,"¤T­«°Ï","·s¥_¥«¤T­«°Ï¶°­^¸ô¢°¢³¢±¸¹¤»¼Ó",-101,4100,4600,5700,4700,3900,4200,3,1
163149.292972358,"¤T­«°Ï","·s¥_¥«¤T­«°Ï¶°­^¸ô¢°¢³¢¯¸¹¤K¼Ó",-94,4100,4600,5700,4900,3900,4200,3,1
163809.021366394,"¤T­«°Ï","·s¥_¥«¤T­«°Ï¶°­^¸ô¢°¢²¢·¸¹¤Q¤G¼Ó",-109,4100,4600,5700,4600,3900,4200,3,1
164635.481281471,"¤T­«°Ï","·s¥_¥«¤T­«°Ï¶°­^¸ô¢°¢²¢µ¸¹¤Q¤T¼Ó",-107,4100,4600,5700,4600,3900,4200,3,1
167062.34063132,"¤T­«°Ï","·s¥_¥«¤T­«°Ï¶°­^¸ô¢°¢²¢·¸¹¤T¼Ó",2,4100,4600,5700,4600,3900,4200,3,1
170705.940840169,"¤T­«°Ï","·s¥_¥«¤T­«°Ï¶°­^¸ô¢°¢³¢±¸¹¤T¼Ó",30,4100,4600,5700,4600,3900,4200,3,1
182917.834488863,"¤T­«°Ï","·s¥_¥«¤T­«°Ï¶°­^¸ô¢·¢°¸¹¤K¼Ó",2554,4000,4600,5700,4700,3900,4300,3,1
66113.7440758294,"²H¤ô°Ï","·s¥_¥«²H¤ô°Ï¤K¶Õ¸ô¤@¬q¢±¢¯¢±¸¹¥|¼Ó",10566,6200,5200,5600,5500,4900,3300,3,1
69896.9316431702,"²H¤ô°Ï","·s¥_¥«²H¤ô°Ï¤K¶Õ¸ô¤@¬q¢±¢¯¢±¸¹¤Q¼Ó",10571,6200,5200,5600,5500,4900,3400,3,1
106564.364876385,"·s©±°Ï","·s¥_¥«·s©±°Ï¥_©y¸ô¤G¬q¢²¢´¢´¡Ð¢²¸¹¤G¼Ó",7387,2600,4000,5600,3800,7900,5400,3,1
110762.800417973,"·s©±°Ï","·s¥_¥«·s©±°Ï¥_©y¸ô¤G¬q¢²¢´¢¸¡Ð¢°¸¹¤Q¤@¼Ó",7405,2600,6200,5600,3800,7900,5400,3,1
149253.731343284,"¦Á¤î°Ï","·s¥_¥«¦Á¤î°ÏºÖ¼w¤@¸ô¢·¢µ«Ñ¢³¢´¸¹¤G¼Ó",8314,4100,4100,5600,3800,3200,4700,3,1
87650.9544215037,"¤g«°°Ï","·s¥_¥«¤g«°°Ï¤¤¦{¸ô¢²«Ñ¢²¢°§Ë¢³¸¹¥|¼Ó",14608,4200,6100,5500,3800,3600,4300,3,0
165771.047060739,"·s©±°Ï","·s¥_¥«·s©±°ÏµØ«°¸ô¢³¢±¸¹¥|¼Ó",-63,3900,6600,5500,4300,6000,5700,3,0
172456.270017246,"·s©±°Ï","·s¥_¥«·s©±°ÏµØ«°¸ô¢³¢·¸¹¤T¼Ó",-61,3900,6600,5500,4300,6500,5700,3,0
181874.756903928,"ªO¾ô°Ï","·s¥_¥«ªO¾ô°Ï¥|¤t¸ô¤G¬q¢±¢´¢°¸¹¤G¤Q¼Ó",4724,2900,5700,5500,2600,3200,4500,1,1
87404.0982810527,"¦Á¤î°Ï","·s¥_¥«¦Á¤î°Ï¼Ì¾ð¤G¸ô¢±¢¶¢¶«Ñ¢°¢µ¸¹¢¸¼Ó¤§¢±",9671,3700,3900,5400,3400,3000,4500,3,1
89252.7391357873,"¦Á¤î°Ï","·s¥_¥«¦Á¤î°Ï±d¹çµó¢¶¢´¢²«Ñ¢±¢µ¸¹¢°¢±¼Ó",14363,3700,3900,5400,3400,2900,4400,3,1
149401.160637116,"¦Á¤î°Ï","·s¥_¥«¦Á¤î°Ï¼Ì¾ð¤G¸ô¢±¢¶¢¶«Ñ¢³¸¹¢±¼Ó",9697,3700,5600,5400,650,3100,4500,3,1
48399.1064780342,"¤T®l°Ï","·s¥_¥«¤T®l°Ï¤¤¥¿¸ô¤T¬q¢¶¢¯«Ñ¢·¢°¸¹",14827,5700,4400,5300,5000,4900,5500,4,0
69815.6430675248,"¦Á¤î°Ï","·s¥_¥«¦Á¤î°Ï§BÀïµó¢³¢·¸¹¢±¼Ó",8601,3600,3800,5300,3300,2900,4400,3,1
92666.2362814719,"·s©±°Ï","·s¥_¥«·s©±°Ï¦ËªL¸ô¢¶¢¯¸¹¤Q¤G¼Ó",49,2100,6000,5300,3300,7400,5200,3,0
93996.1265332473,"·s©±°Ï","·s¥_¥«·s©±°Ï¦ËªL¸ô¢¶¢¯¸¹¤»¼Ó",-494,2100,6000,5300,3300,7400,5200,3,0
99663.6352310951,"ªO¾ô°Ï","·s¥_¥«ªO¾ô°Ï©M¥­¸ô¦w¼Ö«Ñ¢³¢³§Ë¢°¢¯¸¹¤G¼Ó",13402,2800,4900,5300,3000,3900,4600,3,0
187585.021837188,"¤T­«°Ï","·s¥_¥«¤T­«°ÏÀôªe¥_¸ô¤T¬q¢´¢±¢·¸¹¤T¼Ó",4955,3600,5400,5300,5100,3400,5400,3,1
191661.303010799,"¤T­«°Ï","·s¥_¥«¤T­«°Ï¦p·Nµó¢²¢¶¸¹¤­¼Ó",5642,3600,5000,5300,5100,3500,5500,3,1
79259.4735319641,"¦Á¤î°Ï","·s¥_¥«¦Á¤î°Ï·s»O¤­¸ô¤@¬q¢±¢²¤§¢°¸¹¢°¢³¼Ó",9619,3500,3700,5200,3300,2700,4300,3,1
120423.892100193,"·s©±°Ï","·s¥_¥«·s©±°Ï¥Ã¦wµó¢·¢²«Ñ¢°¢¸¡Ð¢°¸¹¤C¼Ó",10715,5000,7600,5200,4700,5200,4400,3,1
41121.0907910399,"¤TªÛ°Ï","·s¥_¥«¤TªÛ°ÏªÛ³Â¤­µó¢±¢µ¸¹",9270,5700,5000,5100,5100,5100,12000,3,1
57314.8015474996,"²H¤ô°Ï","·s¥_¥«²H¤ô°Ï®r³»¤T¸ô¢°¢³¢²¸¹¤»¼Ó",8449,5100,5700,5100,4900,4500,9600,3,1
76531.4610854158,"²H¤ô°Ï","·s¥_¥«²H¤ô°Ï¤s¤lÃä¢°¢µ«Ñ¢³¢²¸¹",14463,7500,5000,5100,6300,5500,9000,4,1
79365.0793650794,"¤g«°°Ï","·s¥_¥«¤g«°°Ï«n¤Ñ¥À¸ô¢°¢°¢°«Ñ¢°¤§¢µ¸¹¦a¤U¤G¼h",11289,3700,5600,5100,3500,3100,3800,3,0
151756.844147446,"·s²ø°Ï","·s¥_¥«·s²ø°ÏºÖ«eµó¢²¢±¢´¸¹¤»¼Ó",3155,6700,3600,5100,2900,3300,6800,3,1
184736.173652003,"¤T­«°Ï","·s¥_¥«¤T­«°Ï¶°½å¸ô¢±¢µ¸¹¤E¼Ó",3530,3500,5900,5100,5100,3300,5300,3,1
71428.5714285714,"¤T®l°Ï","·s¥_¥«¤T®l°Ï·ËªF¸ô¢³¢¶¢²«Ñ¢²¢¯¸¹",14767,4500,4400,5000,4600,4300,7900,4,0
75039.8256057684,"²H¤ô°Ï","·s¥_¥«²H¤ô°Ï©W³»¸ô¢±¢·¢±¸¹",9259,5700,4200,5000,4800,4300,4300,3,1
79772.7272727273,"¤T­«°Ï","·s¥_¥«¤T­«°Ï­«·s¸ô¤­¬q¢µ¢°¢²«Ñ¢±¢·¸¹¥|¼Ó",16085,6800,3900,5000,4400,8000,4500,3,0
87784.7821278478,"¦Á¤î°Ï","·s¥_¥«¦Á¤î°Ï¤j¦P¸ô¤@¬q¢±¢²¢¸¸¹¤Q¤G¼Ó",3577,3900,3700,5000,3800,2500,4100,3,1
87918.9077368639,"²H¤ô°Ï","·s¥_¥«²H¤ô°Ï©W³»¸ô¢²¢¯¢¯¸¹¤Q¥|¼Ó",9248,3800,4200,5000,4900,4300,4300,3,1
100310.559006211,"·s©±°Ï","·s¥_¥«·s©±°Ï¦w©M¸ô¤T¬q¢°¢±¢¯«Ñ¢±¸¹¥|¼Ó",16641,4900,4000,5000,4600,5100,5000,3,0
107730.746619635,"¤g«°°Ï","·s¥_¥«¤g«°°Ï¤¤¦{¸ô¢¶¢±¸¹¤Q¤G¼Ó",6389,5200,6900,5000,3900,5300,5100,3,1
117300,"¦Á¤î°Ï","·s¥_¥«¦Á¤î°Ï±d¹çµó¢¶¢³¢¸¸¹¤Q¤T¼Ó¤§¢±",4812,3300,3500,5000,3000,2600,4100,3,1
120914.691448261,"¦Á¤î°Ï","·s¥_¥«¦Á¤î°Ï±d¹çµó¢¶¢³¢¸¸¹¤Q¤»¼Ó¤§¢°",4807,3300,3500,5000,3000,2600,4100,3,1
132653.06122449,"¤g«°°Ï","·s¥_¥«¤g«°°Ï¤¤¥¡¸ô¥|¬q¢´¢³«Ñ¢²¸¹¤Q¥|¼Ó",8374,3500,5400,5000,3000,2800,3500,3,1
176865.935620799,"·s©±°Ï","·s¥_¥«·s©±°Ï¦w©M¸ô¤G¬q¢±¢¯¢²¸¹",9823,4100,3800,5000,4200,4800,3900,3,1
100284.138392111,"·s©±°Ï","·s¥_¥«·s©±°Ï¦w¿³¸ô¢·¢´¤§¢²¢·¸¹¤G¼Ó",5226,4000,3900,4900,4100,3500,3900,3,1
105547.689535333,"·s²ø°Ï","·s¥_¥«·s²ø°Ï¥Á¦w¦è¸ô¢±¢¶¢´«Ñ¢¶¸¹¤T¼Ó",10634,2900,5400,4900,6300,6000,2500,3,1
110721.036997029,"¤¤©M°Ï","·s¥_¥«¤¤©M°Ï°ê¥úµó¢°¢°¢±«Ñ¢±¢²§Ë¢°¢²¸¹¤T¼Ó",14821,4100,3700,4900,4100,3900,4100,3,0
113328.012769354,"·s©±°Ï","·s¥_¥«·s©±°Ï¥_©y¸ô¤G¬q¢°¢°¢¶¤§¢°¸¹¤T¼Ó",7868,1900,5600,4900,3100,1300,4800,2,1
120329.67032967,"·s©±°Ï","·s¥_¥«·s©±°Ï¦w¿³¸ô¢·¢´¤§¢²¢±¸¹¤»¼Ó",5312,4700,3900,4900,4100,4600,3900,3,1
126413.070385345,"ªL¤f°Ï","·s¥_¥«ªL¤f°Ï¤å¤Æ¥_¸ô¤G¬q¢µ¢¯¢µ¸¹",-142,4000,1500,4900,3700,2300,2400,3,1
94204.9671709963,"·s©±°Ï","·s¥_¥«·s©±°Ï¦w¿³¸ô¢°¢¯¢´¸¹¤G¼Ó¤§¢¶",2288,4500,3700,4800,3900,3900,3700,3,1
113357.264311355,"·s©±°Ï","·s¥_¥«·s©±°Ï¦w¿³¸ô¢°¢±¢¶¤§¢µ¸¹¤T¼Ó",2304,4000,3900,4800,3900,3900,3700,3,1
120323.780354408,"ªO¾ô°Ï","·s¥_¥«ªO¾ô°Ï°ê¼y¸ô¢°¢¸¢µ«Ñ¢µ¸¹¤Q¤G¼Ó",10024,2300,3800,4800,2400,2500,3800,3,1
121811.952797868,"·s©±°Ï","·s¥_¥«·s©±°Ï¦w¿³¸ô¢°¢±¢¶¤§¢°¢²¸¹¤G¼Ó",2304,4000,3900,4800,3900,3900,3700,3,1
123550.52457206,"¤g«°°Ï","·s¥_¥«¤g«°°Ï¤¤¤s¸ô¢°¸¹¤­¼Ó¤§¢µ",1752,5000,6800,4800,3800,4000,4300,3,1
141405.484818805,"¤¤©M°Ï","·s¥_¥«¤¤©M°Ï¥Á¼w¸ô¢³¢¶¸¹¤G¼Ó",9891,4000,3700,4800,4100,4300,4000,3,1
59854.2192318475,"²H¤ô°Ï","·s¥_¥«²H¤ô°Ï®r³»¤­¸ô¢±¢¶¢¸«Ñ¢°¢·¸¹¤E¼Ó",-287,5200,5400,4700,4600,4200,9300,3,1
60950.4132231405,"²H¤ô°Ï","·s¥_¥«²H¤ô°Ï®r³»¤­¸ô¢±¢¶¢¸«Ñ¢°¢¯¸¹¤G¼Ó",-266,5200,5400,4700,4600,4200,9300,3,1
64804.1729290072,"²H¤ô°Ï","·s¥_¥«²H¤ô°Ï®r³»¤­¸ô¢±¢¶¢¸«Ñ¢±¢¯¸¹¤­¼Ó",-155,5200,5400,4700,4600,4200,9300,3,1
65627.7827248442,"²H¤ô°Ï","·s¥_¥«²H¤ô°Ï®r³»¤­¸ô¢±¢¶¢¸«Ñ¢°¢µ¸¹¤C¼Ó",-213,5200,5400,4700,4600,4200,9300,3,1
66362.3595505618,"²H¤ô°Ï","·s¥_¥«²H¤ô°Ï®r³»¤­¸ô¢±¢¶¢¸«Ñ¢±¢¯¸¹¤Q¤@¼Ó",-186,5200,5400,4700,4600,4200,9300,3,1
69367.7649154052,"²H¤ô°Ï","·s¥_¥«²H¤ô°Ï®r³»¤­¸ô¢±¢¶¢¸«Ñ¢°¢µ¸¹¤T¼Ó",-185,5200,5400,4700,4600,4200,9300,3,1
71280.9917355372,"²H¤ô°Ï","·s¥_¥«²H¤ô°Ï®r³»¤­¸ô¢±¢¶¢¸«Ñ¢°¢¯¸¹¤C¼Ó",-179,5200,5400,4700,4600,4200,9300,3,1
72947.3847586528,"²H¤ô°Ï","·s¥_¥«²H¤ô°Ï·s¥«¤­¸ô¤@¬q¢°¢´¢±¸¹¤K¼Ó",2648,5100,5700,4700,4500,4100,9700,3,1
100256.519880291,"·s©±°Ï","·s¥_¥«·s©±°Ï¥Ã¦wµó¢¸¢¯¸¹¤G¼Ó",11181,5000,3700,4700,4400,5400,4700,3,1
111161.783149014,"¤g«°°Ï","·s¥_¥«¤g«°°ÏºÖ¦wµó¢¶¢µ¤§¢°¸¹¤G¼Ó",6796,3800,5700,4700,3400,3500,3900,3,1
111789.669806438,"¦Á¤î°Ï","·s¥_¥«¦Á¤î°Ï¼Ì¾ð¤@¸ô¢°¢¶¢°¸¹¢²¼Ó",10107,3000,3200,4700,2700,2100,3800,3,1
116814.159292035,"·s²ø°Ï","·s¥_¥«·s²ø°Ï·s¾ð¸ô¢µ¢¯¢¸¤§¢°¢²¸¹¤Q¤T¼Ó",5702,2600,5200,4700,6400,6400,2200,3,1
146208.49165703,"¤T­«°Ï","·s¥_¥«¤T­«°Ï´IµØµó¢°¢´¢¯¸¹¤T¼Ó",18872,3000,5500,4700,3900,2900,4900,4,0
65712.6502575844,"Åaºq°Ï","·s¥_¥«Åaºq°Ï»ñ¦N¥|µó¢´¢¸¸¹¥|¼Ó",-833,4700,3200,4600,4700,4500,4600,3,1
74712.0008947545,"²H¤ô°Ï","·s¥_¥«²H¤ô°Ï·s¥«¤T¸ô¤@¬q¢µ¢·¸¹¤G¤Q¼Ó",1271,5000,6100,4600,4400,4000,10000,3,1
78501.9805545553,"¾ðªL°Ï","·s¥_¥«¾ðªL°Ï¨Î¶é¸ô¤@¬q¢³¢°«Ñ¢¶¸¹¤Q¤T¼Ó",-449,4200,4900,4600,4400,3600,3600,3,1
79893.0411530685,"²H¤ô°Ï","·s¥_¥«²H¤ô°Ï·s¥«¤T¸ô¤@¬q¢¸¢¯¸¹¤Q¤K¼Ó",1246,5000,6100,4600,4400,4000,10000,3,1
80677.6926179911,"·s©±°Ï","·s¥_¥«·s©±°Ï¥Ã·~¸ô¢·¢°«Ñ¢³¢¯¸¹¥|¼Ó",14502,3000,5700,4600,3400,6200,4800,3,1
81198.1234211476,"¾ðªL°Ï","·s¥_¥«¾ðªL°Ï¨Î¶é¸ô¤@¬q¢³¢°«Ñ¢´¸¹¤Q¤G¼Ó",-734,4200,4900,4600,4400,3600,3600,3,1
88547.3226965166,"²H¤ô°Ï","·s¥_¥«²H¤ô°Ï·s¥«¤T¸ô¤@¬q¢°¢³¢¯¸¹¤Q¤E¼Ó",1261,5000,6100,4600,4400,4000,10000,3,1
119794.637763833,"·s©±°Ï","·s¥_¥«·s©±°Ï¥_©y¸ô¤G¬q¢·¸¹¤Q¤@¼Ó",10339,1400,5300,4600,2600,800,4500,3,1
221865.811280406,"¤­ªÑ°Ï","·s¥_¥«¤­ªÑ°Ï¤ô¸P¤­¸ô¢±¸¹",1714,3300,1700,4600,2200,2100,2200,3,1
73733.7037828596,"²H¤ô°Ï","·s¥_¥«²H¤ô°Ï·s¥«¤­¸ô¤T¬q¢±¢µ¢µ¸¹¤Q¤»¼Ó",1688,4900,4200,4500,4300,3500,8100,3,1
74832.1778364697,"·s²ø°Ï","·s¥_¥«·s²ø°Ï¸U¹Ø¸ô¤@¬q¢±¢°«Ñ¢±¢°¸¹¥|¼Ó",15451,3700,5000,4500,6200,5900,3100,3,0
76325.2844851513,"²H¤ô°Ï","·s¥_¥«²H¤ô°Ï®r³»¤­¸ô¢°¢µ¢´«Ñ¢°¢²¸¹¤T¼Ó",2053,4900,5200,4500,4400,4000,9100,3,1
78104.6602447279,"¤g«°°Ï","·s¥_¥«¤g«°°Ï©Ó¤Ñ¸ô¢¸¢±¤§¢µ¸¹¥|¼Ó¤§¤G",8658,3100,5000,4500,2800,2500,3100,3,1
81809.9181900818,"ªL¤f°Ï","·s¥_¥«ªL¤f°Ï¦Û±j¤@µó¢´¢¸¸¹¤G¼Ó",10354,5000,3000,4500,4500,1100,1000,3,0
85524.784733535,"¦Á¤î°Ï","·s¥_¥«¦Á¤î°Ï¼Ì¾ð¤@¸ô¢±¢±¢µ«Ñ¢²§Ë¢´¸¹¤­¼Ó",15124,2800,3000,4500,2500,2000,3600,3,0
86474.5011086474,"²H¤ô°Ï","·s¥_¥«²H¤ô°Ï·s¥«¤­¸ô¤T¬q¢±¢·¢·¸¹¤G¤Q¤»¼Ó",1673,4900,4200,4500,4300,3500,8100,3,1
101983.757156171,"·s²ø°Ï","·s¥_¥«·s²ø°Ï·s±X¸ô¢°¢²¢¸¸¹¤G¼Ó",1758,3200,5200,4500,5900,6300,2800,3,1
117310.938920393,"¤T­«°Ï","·s¥_¥«¤T­«°Ï¥ú´_¸ô¤G¬q¢·¢¯¸¹¤Q¼Ó¤§¤T",8250,6300,3400,4500,3900,5400,3000,3,1
122334.293948127,"·s²ø°Ï","·s¥_¥«·s²ø°Ï·s±X¸ô¢°¢°¢¸¸¹¤Q¼Ó",1807,3800,270,4500,5900,5800,2800,3,1
126031.746031746,"·s²ø°Ï","·s¥_¥«·s²ø°Ï·s±X¸ô¢°¢³¢¸¸¹¤­¼Ó",1781,3100,5200,4500,5900,5800,2700,3,1
129185.057595005,"¦Á¤î°Ï","·s¥_¥«¦Á¤î°Ï¤j¦P¸ô¤@¬q¢²¢²¢¶«Ñ¢´¸¹",13375,2900,3100,4500,2600,2000,3600,3,0
129230.769230769,"¤T­«°Ï","·s¥_¥«¤T­«°Ï¤¯·Rµó¢²¢°¢´«Ñ¢µ¢µ¸¹¤T¼Ó",16363,2300,3000,4500,3500,2100,3100,3,0
163161.711385062,"·s²ø°Ï","·s¥_¥«·s²ø°ÏºÖ«eµó¢²¢±¢²¸¹¤Q¼Ó",3169,6800,3600,4500,2900,3300,6800,3,1
167969.205645632,"·s²ø°Ï","·s¥_¥«·s²ø°ÏºÖ¬üµó¢°¢¶¢±«Ñ¢µ¢µ¸¹¤E¼Ó¤§¤­",1211,6700,3500,4500,2800,3200,6700,3,1
63857.0695845444,"²H¤ô°Ï","·s¥_¥«²H¤ô°Ï®r³»¤­¸ô¢±¢¶¢¸«Ñ¢°¢±¸¹¤G¼Ó",-137,5200,5400,4400,4600,4200,9300,3,1
79068.5550438787,"·s²ø°Ï","·s¥_¥«·s²ø°Ï¤¤¥¿¸ô¢¸¢±¢¸«Ñ¢¸¸¹¥|¼Ó",12519,3600,4900,4400,6200,5800,3000,3,0
101738.310200782,"¦Á¤î°Ï","·s¥_¥«¦Á¤î°Ï¼Ì¾ð¤G¸ô¢°¢¯¢µ«Ñ¢°¸¹¢°¢±¼Ó",10016,2700,2900,4400,2400,1800,3400,3,1
41128.5679032656,"¤T®l°Ï","·s¥_¥«¤T®l°Ï¤GùÄ¸ô¢°¢²¢µ«Ñ¢±¢¯§Ë¢¸¢´¸¹¤Q¼Ó",10178,4700,3700,4300,4100,3900,4600,3,1
49128.8203370466,"ªL¤f°Ï","·s¥_¥«ªL¤f°Ï¤¤¤s¸ô¢±¢¸«Ñ¢°¸¹¤­¼Ó",11994,4900,2800,4300,270,600,550,3,0
69952.6474386569,"²H¤ô°Ï","·s¥_¥«²H¤ô°Ï·s¥«¤T¸ô¤G¬q¢°¢¸¢´¸¹¤Q¤C¼Ó",1556,4700,4100,4300,4100,3400,8000,3,1
70049.8132004981,"²H¤ô°Ï","·s¥_¥«²H¤ô°Ï·s¥«¤T¸ô¤G¬q¢±¢¯¢´¸¹¤K¼Ó",1503,4700,4100,4300,4100,3400,8000,3,1
70153.777079358,"²H¤ô°Ï","·s¥_¥«²H¤ô°Ï·s¥«¤T¸ô¤G¬q¢±¢¶¢°¸¹¤G¤Q¼Ó",1449,4700,4000,4300,4100,3300,7900,3,1
80295.1388888889,"·s©±°Ï","·s¥_¥«·s©±°Ï¥Ã·~¸ô¢·¢°«Ñ¢°§Ë¢²¸¹¤T¼Ó",15207,2700,5400,4300,3000,3300,4500,3,1
81153.4342970782,"²H¤ô°Ï","·s¥_¥«²H¤ô°Ï·s¥«¤T¸ô¤G¬q¢±¢·¢´¸¹¤G¤Q¥|¼Ó",1547,4800,4000,4300,4100,3300,7900,3,1
81491.2826899128,"²H¤ô°Ï","·s¥_¥«²H¤ô°Ï·s¥«¤T¸ô¤G¬q¢±¢µ¢¸¸¹¤G¤Q¤@¼Ó",1540,4700,4000,4300,4100,3300,7900,3,1
81827.3655853631,"²H¤ô°Ï","·s¥_¥«²H¤ô°Ï·s¥«¤T¸ô¤G¬q¢±¢·¢¶¸¹¤G¤Q¤­¼Ó",1531,4300,4000,4300,4100,3300,7900,3,1
83476.9495906937,"²H¤ô°Ï","·s¥_¥«²H¤ô°Ï·s¥«¤T¸ô¤G¬q¢±¢µ¢¶¸¹¤G¤Q¤K¼Ó",1547,4700,4000,4300,4100,3300,7900,3,1
101855.220080029,"¦Á¤î°Ï","·s¥_¥«¦Á¤î°Ï¤ô·½¸ô¤G¬q¢¶¢±«Ñ¢µ¢¯§Ë¢°¢¸¸¹",14849,2500,2300,4300,2300,1900,3300,3,1
104481.83232009,"·s²ø°Ï","·s¥_¥«·s²ø°Ï¤¤¥¿¸ô¢·¢¸¢¸«Ñ¢±¢¯¸¹¤G¼Ó",9106,3500,4700,4300,6000,5700,2900,3,1
115425.775875248,"ªL¤f°Ï","·s¥_¥«ªL¤f°Ï¤å¤Æ¤T¸ô¤G¬q¢²¢¯¢µ¸¹¤Q¤K¼Ó¤§¤­",4400,3000,800,4300,2600,1800,1900,3,1
119670.905011219,"·s²ø°Ï","·s¥_¥«·s²ø°Ï·s¥_¤j¹D¤C¬q¢´¢·¢µ¸¹¤C¼Ó",6840,3500,5600,4300,6100,5300,3000,3,1
119954.562665657,"²H¤ô°Ï","·s¥_¥«²H¤ô°Ï¤¤¥¿ªF¸ô¤G¬q¢°¢¯¢´«Ñ¢´¸¹¤E¼Ó",2667,3100,2800,4300,4100,3500,1500,3,1
124516.441005803,"Åaºq°Ï","·s¥_¥«Åaºq°Ï»ñ¤­¸ô¢·¢¶¸¹¤E¼Ó",794,4400,2900,4300,4300,4200,4400,3,1
162082.004893601,"·s²ø°Ï","·s¥_¥«·s²ø°ÏºÖ«eµó¢±¢´¢°¸¹¤Q¼Ó",3525,6500,3400,4300,2600,3000,6600,3,1
185601.799775028,"ªO¾ô°Ï","·s¥_¥«ªO¾ô°Ï¥Ã»A¸ô¢²¢´¢±¸¹",744,2800,2000,4300,2600,2100,1700,1,1
35256.4102564103,"¤TªÛ°Ï","·s¥_¥«¤TªÛ°Ï²L¤ôÆWµó¢°¢³¤§¢µ¸¹¤G¼Ó",9242,4800,4100,4200,4200,4300,11200,3,1
41785.9187178019,"¤TªÛ°Ï","·s¥_¥«¤TªÛ°Ï²L¤ôÆWµó¢¸¤§¢°¢²¸¹¤»¼Ó",9217,4800,4100,4200,4200,4300,11200,3,1
44160.9421000981,"¤TªÛ°Ï","·s¥_¥«¤TªÛ°Ï²L¤ôÆWµó¢¸¤§¢±¸¹¤G¼Ó",9194,4800,4100,4200,4200,4300,11200,3,1
46419.0981432361,"¤TªÛ°Ï","·s¥_¥«¤TªÛ°Ï²L¤ôÆWµó¢°¢³¤§¢¶¸¹¤­¼Ó",9223,4800,4100,4200,4200,4300,11200,3,1
58947.3684210526,"¤g«°°Ï","·s¥_¥«¤g«°°Ï©Ó¤Ñ¸ô¢·¢°¤§¢´¸¹¤­¼Ó",10850,2800,4700,4200,2600,2200,2800,3,0
64000,"¤g«°°Ï","·s¥_¥«¤g«°°Ï©Ó¤Ñ¸ô¢·¢°¤§¢²¸¹",10850,2800,4700,4200,2600,2200,2800,3,0
65478.657273104,"²H¤ô°Ï","·s¥_¥«²H¤ô°Ï·s¥«¤T¸ô¤@¬q¢°¢²¢¯¸¹¤G¤Q¼Ó",1276,5000,6100,4200,4400,4000,10000,3,1
68293.2202456353,"¦Á¤î°Ï","·s¥_¥«¦Á¤î°Ï¨q¤s¸ô¢´¢²«Ñ¢±¢²§Ë¢°¢´¸¹¢²¼Ó",9647,2400,3200,4200,2300,2400,3300,3,1
81664.9104320337,"¦Á¤î°Ï","·s¥_¥«¦Á¤î°Ï¨q¤s¸ô¢°¢³¢°¸¹",9270,3000,2800,4200,2800,3000,3500,3,1
100529.100529101,"¤g«°°Ï","·s¥_¥«¤g«°°Ï¤j·x¸ô¢µ¢µ¸¹",17015,3300,5200,4200,2900,2600,3400,4,0
108794.541319181,"¤g«°°Ï","·s¥_¥«¤g«°°Ïª÷¦wµó¢³¢µ¸¹¤C¼Ó",9650,3500,5300,4200,3000,3200,3500,3,1
148690.509715573,"·s²ø°Ï","·s¥_¥«·s²ø°ÏºÖ¬üµó¢°¢±¢·«Ñ¢²¢¯¸¹¤C¼Ó",2740,6400,3200,4200,2700,2900,6400,3,1
168886.001948685,"¦Á¤î°Ï","·s¥_¥«¦Á¤î°Ï¼Ì¾ð¤@¸ô¢°«Ñ¢²¢±¸¹¢µ¼Ó",8875,2500,2700,4200,2200,1600,3200,3,1
188135.960164538,"·s©±°Ï","·s¥_¥«·s©±°ÏµØ«°¸ô¢²¢·¸¹",-97,2600,5300,4200,3000,5200,4400,3,0
100926.257805278,"¦Á¤î°Ï","·s¥_¥«¦Á¤î°Ï·s»O¤­¸ô¤@¬q¢¸¢¶¸¹¤­¼Ó",2838,2300,2100,4100,2100,1000,3100,2,1
100932.176149148,"¦Á¤î°Ï","·s¥_¥«¦Á¤î°Ï·s»O¤­¸ô¤@¬q¢¸¢¶¸¹¤­¼Ó¤§¢°",2838,2300,2100,4100,2100,1000,3100,2,1
108719.286801479,"¾ðªL°Ï","·s¥_¥«¾ðªL°Ï·s¿³µó¢²¢¶«Ñ¢°¢±§Ë¢±¢³¸¹",12079,3700,4400,4100,3900,3100,3100,3,0
109311.740890688,"ªL¤f°Ï","·s¥_¥«ªL¤f°Ï¤å¤Æ¤T¸ô¤G¬q¢²¢´¢µ¸¹¤T¼Ó",2968,2800,700,4100,2500,1600,1700,1,1
133339.351810057,"·s²ø°Ï","·s¥_¥«·s²ø°ÏÀs¦w¸ô¢²¢´¸¹¤K¼Ó",1122,3300,4600,4100,5800,5500,2400,3,1
136782.357867312,"·s²ø°Ï","·s¥_¥«·s²ø°ÏÀs¦w¸ô¢²¢°¸¹¤T¼Ó",1134,3300,4600,4100,5800,5500,2400,1,1
160364.407837264,"¤T­«°Ï","·s¥_¥«¤T­«°Ï­«·s¸ô¤­¬q¢³¢·¢°¸¹¥|¼Ó¤§¤­",1242,6000,3000,4100,3400,7100,3600,3,1
70401.8773833969,"¤­ªÑ°Ï","·s¥_¥«¤­ªÑ°Ï¦è¶³¸ô¢±¢´¢±«Ñ¢²¸¹¤­¼Ó",13406,2900,2400,4000,2100,2100,2100,3,0
86267.6056338028,"·s²ø°Ï","·s¥_¥«·s²ø°Ï¤Ñ²»µó¢°¢¯¢¶«Ñ¢²¢²¸¹¤T¼Ó",15356,3200,4400,4000,5700,4800,2600,3,0
86784.7315317858,"²H¤ô°Ï","·s¥_¥«²H¤ô°ÏÀØ®ü¸ô¤G¬q¢±¢¯¢±«Ñ¢±¢²¸¹¤K¼Ó",2846,4400,3800,4000,3800,3000,7700,3,1
103788.920845317,"²H¤ô°Ï","·s¥_¥«²H¤ô°Ï¤¤¥¿ªF¸ô¤G¬q¢°¢±¢´¸¹¤G¼Ó¤§¢°",7857,4800,2900,4000,4100,3600,2700,3,1
105407.399599452,"²H¤ô°Ï","·s¥_¥«²H¤ô°Ï²Hª÷¸ô¢µ¸¹¤Q¤T¼Ó¤§¢²",5484,2300,2000,4000,3300,2700,2700,3,1
109938.434476693,"²H¤ô°Ï","·s¥_¥«²H¤ô°Ï¤K¶Õ¤@µó¢µ¢²«Ñ¢´¢·¸¹¤T¼Ó",5014,4500,2500,4000,3800,3200,2000,3,1
123233.819507748,"²H¤ô°Ï","·s¥_¥«²H¤ô°ÏÀØ®ü¸ô¤T¬q¢´¢¸¢°¸¹¤Q¤T¼Ó",1177,4400,4400,4000,3800,3400,8900,3,1
130102.762326765,"¦Á¤î°Ï","·s¥_¥«¦Á¤î°Ï¦ÁÞä¸ô¢²¢·¸¹¢·¼Ó",9258,2200,2000,4000,2100,1600,3000,3,1
47682.6244516498,"Åaºq°Ï","·s¥_¥«Åaºq°Ï´ò¤s¸ô¢µ¢¶«Ñ¢²¸¹",14354,4000,2500,3900,3900,3800,4900,4,0
76620.8251473477,"²H¤ô°Ï","·s¥_¥«²H¤ô°ÏÀØ®ü¸ô¤G¬q¢±¢¯¢±«Ñ¢´¸¹¤»¼Ó",3211,4300,3700,3900,3700,2900,7600,3,1
99700.2681811011,"ªL¤f°Ï","·s¥_¥«ªL¤f°Ï¤¤¥¿¸ô¢±¢°¸¹¤C¼Ó",3550,4500,2700,3900,280,800,4400,3,1
101554.107283535,"¤­ªÑ°Ï","·s¥_¥«¤­ªÑ°Ï¦¨¬w¤@¸ô¢±¢²¸¹¤T¼Ó",2733,2900,2500,3900,2200,2100,2200,3,1
111959.287531807,"¤T­«°Ï","·s¥_¥«¤T­«°Ï¤¤¿³¥_µó¢°¢´¢¯«Ñ¢·¸¹¤G¼Ó",10149,4500,2700,3900,3100,4300,2800,3,1
120893.561103811,"¤¤©M°Ï","·s¥_¥«¤¤©M°Ï²÷¥ú¸ô¢°¢±¢¯«Ñ¢°¢¶§Ë¢¸¸¹¤G¼Ó",15626,4100,3700,3900,4100,4000,4100,3,0
125336.322869955,"·s²ø°Ï","·s¥_¥«·s²ø°Ï¤¤¥¿¸ô·s¥Í«Ñ¢³¢¸¸¹",15570,3100,4300,3900,5600,5200,2300,3,0
129637.907912383,"ªO¾ô°Ï","·s¥_¥«ªO¾ô°Ï¥Á±Ú¸ô¢°¢·¢µ¸¹¤»¼Ó",11299,950,3100,3900,2100,1700,3000,3,1
151697.44206727,"·s²ø°Ï","·s¥_¥«·s²ø°ÏºÖ¬üµó¢¸¢¯«Ñ¢¸¸¹¥|¼Ó",3272,6100,2900,3900,2600,2600,6100,3,1
171250.210899275,"·s²ø°Ï","·s¥_¥«·s²ø°ÏºÖ«eµó¢µ¢²«Ñ¢±¢¯¸¹¤E¼Ó",2189,6100,8700,3900,2300,2600,6100,3,1
82204.3465989274,"¦Á¤î°Ï","·s¥_¥«¦Á¤î°Ï·s»O¤­¸ô¤@¬q¢¶¢¶¸¹¢³¼Ó¤§¢¶",10367,2100,4000,3800,1800,1200,2800,2,1
84660.9012289486,"²H¤ô°Ï","·s¥_¥«²H¤ô°Ï²Hª÷¸ô¤@¬q¢´¢²¢¶¸¹¤­¼Ó",5040,2800,900,3800,3700,2600,5000,3,1
86333.1938049393,"ªL¤f°Ï","·s¥_¥«ªL¤f°ÏªF©ú¤@µó¢°¢±¢°«Ñ¢±¢¸¸¹",4905,4400,2900,3800,1400,1500,4200,3,1
87756.3967012053,"·s²ø°Ï","·s¥_¥«·s²ø°Ï¤Ñ²»µó¢³¢¶«Ñ¢°¢±¸¹¥|¼Ó",15231,3000,4300,3800,5600,5000,2500,3,0
90056.2851782364,"·s²ø°Ï","·s¥_¥«·s²ø°Ï¤¤¥¿¸ô¢µ¢¸¢³«Ñ¢°¢±¸¹¤G¼Ó",13888,3000,4200,3800,5500,4900,2300,3,0
93606.6647945334,"¤T­«°Ï","·s¥_¥«¤T­«°Ï­«·s¸ô¤­¬q¢µ¢³¢·¤§¢´¢·¸¹",5286,5800,2800,3800,3200,7000,3300,3,1
94339.6226415094,"Åaºq°Ï","·s¥_¥«Åaºq°ÏÅaºq¸ô¢°¢¯¢¯¸¹¤C¼Ó",1158,3900,2400,3800,3900,3700,4000,3,1
94796.4966512107,"®õ¤s°Ï","·s¥_¥«®õ¤s°Ï¤¯·R¸ô¢¶¢²¸¹¤­¼Ó",4826,1000,1900,3800,900,900,2400,3,1
101398.064218774,"·s²ø°Ï","·s¥_¥«·s²ø°Ï¸Î¥Áµó¢´¢´«Ñ¢±¸¹¤G¼Ó",16415,2700,4200,3800,5500,4800,2000,3,0
108126.091657656,"ªO¾ô°Ï","·s¥_¥«ªO¾ô°Ï¤T¥Á¸ô¤G¬q¢²¢±¸¹¤E¼Ó",9885,3000,4200,3800,3500,3800,4000,3,1
116662.594673833,"¤¤©M°Ï","·s¥_¥«¤¤©M°Ï¥Á¨Éµó¢²¢±«Ñ¢°¢¸¸¹¤­¼Ó",13868,3300,3300,3800,3700,3500,4200,3,0
145215.444879687,"·s©±°Ï","·s¥_¥«·s©±°Ï¥_©y¸ô¤@¬q¢°¢±¢²¤§¢¶¸¹¤Q¤G¼Ó",7304,550,4400,3800,1800,84,3600,3,1
146976.221681333,"·s²ø°Ï","·s¥_¥«·s²ø°ÏºÖ¬üµó¢µ¢±«Ñ¢²¢²¸¹¤Q¤@¼Ó",4070,6100,2900,3800,2400,2600,6100,3,1
163822.52559727,"ªO¾ô°Ï","·s¥_¥«ªO¾ô°ÏÃÀ¤åµó¢±¢°¢¶¸¹¤Q¤T¼Ó",491,2500,1600,3800,3000,1800,1100,3,1
198674.705987702,"ªO¾ô°Ï","·s¥_¥«ªO¾ô°Ï¥Á±Ú¸ô¢°¢·¢²¸¹¤Q¤@¼Ó",3714,1100,3400,3800,1800,1500,2700,3,1
29774.5640153126,"ªL¤f°Ï","·s¥_¥«ªL¤f°Ï¤¤¥¿¸ô¢¶¢¶¸¹¤T¼Ó",13755,4300,2600,3700,110,650,550,3,0
48626.2107135798,"ªL¤f°Ï","·s¥_¥«ªL¤f°Ï¤å¤Æ¥_¸ô¤@¬q¢³¢¯¢µ¸¹¤G¼Ó",2710,1900,1500,3700,950,600,4000,1,0
60062.8349658104,"ªL¤f°Ï","·s¥_¥«ªL¤f°Ï¤¤¥¿¸ô¢¶¢¯¸¹",16059,4300,2600,3700,3800,650,550,3,0
71670.3165438981,"¤T­«°Ï","·s¥_¥«¤T­«°Ï¤¤¿³¥_µó¢°¢¸¢´¸¹¥|¼Ó",10362,6800,2900,3700,3000,8100,2600,3,0
83797.4288242336,"²H¤ô°Ï","·s¥_¥«²H¤ô°Ï¸q¤s¸ô¤@¬q¢³¢¯¢°«Ñ¢¶¢¯¸¹¤E¼Ó",3543,4100,3600,3700,3600,2800,7500,3,1
99382.4093135515,"ªO¾ô°Ï","·s¥_¥«ªO¾ô°Ï«n¶®¦è¸ô¤G¬q¢±¤§¢²¸¹¤­¼Ó",12382,1500,3000,3700,900,700,2500,3,1
123568.205484207,"²H¤ô°Ï","·s¥_¥«²H¤ô°Ï²Hª÷¸ô¢±¢¶¸¹¤Q¼Ó",3120,2200,2200,3700,3500,2900,2400,2,1
123710.475551455,"·s²ø°Ï","·s¥_¥«·s²ø°Ï¤¤¥¡¸ô¢±¢°¢µ¸¹¤Q¤G¼Ó",3539,5600,2800,3700,3500,2100,5600,2,1
149941.363712515,"ªO¾ô°Ï","·s¥_¥«ªO¾ô°Ï«n¶®ªF¸ô¢±¢¶¤§¢±¢¯¸¹¤T¼Ó",5467,1400,3400,3700,1000,1000,2900,3,1
160010.240655402,"ªO¾ô°Ï","·s¥_¥«ªO¾ô°ÏÀ]«e¦è¸ô¢±¢¶¢´¸¹¤G¤Q¤@¼Ó¤§¢µ",6841,1500,3100,3700,1000,800,2500,3,1
174641.983932937,"·s²ø°Ï","·s¥_¥«·s²ø°Ï¤¤­ìªF¸ô¢°¢°¢²¸¹¤Q¼Ó",2675,5900,2700,3700,2400,2400,5900,3,1
177838.577291382,"·s²ø°Ï","·s¥_¥«·s²ø°Ï·s¥_¤j¹D¥|¬q¢¶¢²¸¹¤Q¥|¼Ó",2312,5800,3000,3700,6000,2300,5800,3,1
66945.6066945607,"²H¤ô°Ï","·s¥_¥«²H¤ô°Ï¤¤¥¿¸ô¤G¬q¢°¢³¢¯«Ñ¢µ¤§¢´¸¹",4991,5200,5100,3600,4100,3500,8000,3,1
81714.1819502452,"¤g«°°Ï","·s¥_¥«¤g«°°Ï¤¤¥¡¸ô¤T¬q¢±¢·¢°«Ñ¢°¢°§Ë¢°¢µ¸¹¤E¼Ó",9129,2800,4600,3600,2300,2100,2800,3,1
86705.2023121387,"·s²ø°Ï","·s¥_¥«·s²ø°Ï¤¤¥¿¸ô¢·¢¶¢°«Ñ¢¸§Ë¢±¢°¸¹¤­¼Ó",15336,2800,4000,3600,5300,4600,2100,3,0
90362.8117913832,"ªL¤f°Ï","·s¥_¥«ªL¤f°Ï¤¤µØ¤@¸ô¢¸¢´¸¹¤Q¤G¼Ó",2964,2900,1700,3600,2100,1500,1600,3,1
91741.1814405407,"²H¤ô°Ï","·s¥_¥«²H¤ô°Ï¬õ¾ðªL¸ô¢·¢±¸¹¤T¼Ó",502,2400,3000,3600,3500,2900,2700,3,1
93702.7707808564,"·s²ø°Ï","·s¥_¥«·s²ø°ÏÀs¦w¸ô¢´¢°¢¯¸¹¤»¼Ó",8029,1600,2100,3600,5300,5000,1200,3,1
93922.6519337017,"·s²ø°Ï","·s¥_¥«·s²ø°Ï¤¤¥¿¸ô¢·¢¶¢°«Ñ¢¸§Ë¢°¢´¸¹¤G¼Ó",15362,2800,4000,3600,5300,4900,2000,3,0
104712.041884817,"·s²ø°Ï","·s¥_¥«·s²ø°Ï¸U¦wµó¢µ¢¶«Ñ¢¸¸¹¤­¼Ó",15325,2100,4100,3600,5900,4700,1800,3,0
105006.562910182,"²H¤ô°Ï","·s¥_¥«²H¤ô°Ï²Hª÷¸ô¢±¢°¸¹¤G¤Q¼Ó¤§¢¶",5090,2100,2200,3600,3400,2900,2400,3,1
105561.805997163,"²H¤ô°Ï","·s¥_¥«²H¤ô°ÏÀØ®ü¸ô¤G¬q¢°¢·¢¸¸¹¥|¼Ó",2134,4100,4900,3600,3500,2900,8700,3,1
107053.820208242,"¤¤©M°Ï","·s¥_¥«¤¤©M°Ï¤¤¤s¸ô¤T¬q¢°¢²¢µ«Ñ¢´¢¸¸¹¤­¼Ó",5064,3400,3000,3600,3400,3200,3800,3,1
109437.751004016,"·s²ø°Ï","·s¥_¥«·s²ø°Ï¤¤¥¿¸ô¢¶¢¯¢¯¤§¢±¢²¸¹¤G¼Ó",15627,2800,4100,3600,5300,5100,2200,3,0
116953.218712515,"¤g«°°Ï","·s¥_¥«¤g«°°Ï¤¤¥¡¸ô¤T¬q¢±¢·¢°«Ñ¢°¢°§Ë¢²¸¹¤»¼Ó",9130,2800,4600,3600,2300,2100,2800,3,1
118129.854902536,"·s²ø°Ï","·s¥_¥«·s²ø°Ï¦è²±µó¢°¢´¢²«Ñ¢±¢±¸¹¥|¼Ó",10910,1500,4000,3600,5600,4700,1000,3,1
118175.372252423,"¤g«°°Ï","·s¥_¥«¤g«°°Ï¤¤¥¡¸ô¤T¬q¢±¢·¢°«Ñ¢°¢°§Ë¢°¢·¸¹¤E¼Ó",9129,2800,4600,3600,2300,2100,2800,3,1
122609.804148801,"ªL¤f°Ï","·s¥_¥«ªL¤f°Ï¤¤¥_¤@µó¢°¢¶«Ñ¢±¢´¸¹¤G¼Ó",2993,4400,2300,3600,4000,1100,4000,3,1
142418.930762489,"¤¤©M°Ï","·s¥_¥«¤¤©M°Ï¤¤¤s¸ô¤T¬q¢°¢³¢µ¸¹¤E¼Ó¤§¤Q¤T",5065,3400,3000,3600,3400,3300,3900,3,1
142536.19570644,"·s²ø°Ï","·s¥_¥«·s²ø°Ï¤Ñ²»µó¢°¢¶¸¹¤K¼Ó¤§¤@",1667,2800,4000,3600,5300,5000,2200,3,1
161046.885035324,"¦Á¤î°Ï","·s¥_¥«¦Á¤î°Ï·s»O¤­¸ô¤@¬q¢°¢·¢²¸¹¢±¢°¼Ó",8132,1600,1400,3600,900,550,2700,3,1
166428.91107941,"¤T­«°Ï","·s¥_¥«¤T­«°Ï¤¯¦wµó¢²¢²¸¹¤T¼Ó",3471,2800,4000,3600,4000,2700,3600,3,1
173098.300778148,"·s²ø°Ï","·s¥_¥«·s²ø°ÏÀY¿³µó¢°¢²¢µ¸¹¤­¼Ó",3748,6000,2700,3600,2300,2500,6000,3,1
176404.964440106,"·s²ø°Ï","·s¥_¥«·s²ø°Ï¤¤¥¡¸ô¢±¢·¢·¸¹¤Q¤K¼Ó",1003,5400,8000,3600,3800,1900,5400,3,1
181945.416375087,"ªO¾ô°Ï","·s¥_¥«ªO¾ô°Ï¤¤¤s¸ô¤@¬q¢°¸¹¤K¼Ó¤§¢´",7856,750,3200,3600,750,2000,2600,1,1
188172.043010753,"·s²ø°Ï","·s¥_¥«·s²ø°Ï«ä·½¸ô¢°¢±¢·«Ñ¢´¸¹¤Q¤T¼Ó",1451,5400,2600,3600,2200,2300,5500,3,1
197512.801755669,"¤T­«°Ï","·s¥_¥«¤T­«°Ï¤¯¸qµó¢¶¢¸«Ñ¢³¢µ¸¹¤K¼Ó",295,1400,3700,3600,3600,1300,3800,3,1
80652.6806526807,"²H¤ô°Ï","·s¥_¥«²H¤ô°ÏÀØ®ü¸ô¤T¬q¢°¢³¢·«Ñ¢±¢´¸¹¤T¼Ó",2984,3900,4400,3500,3400,3000,8300,3,1
84093.6739659367,"ªL¤f°Ï","·s¥_¥«ªL¤f°Ï¤¤¤s¸ô¢´¢²¢±¸¹¤T¼Ó¤§¤@",5421,2700,650,3500,2200,2000,2100,3,1
85249.2518794248,"²H¤ô°Ï","·s¥_¥«²H¤ô°Ï¨F±[¸ô¤@¬q¢°¢°¢¸¸¹¤Q¤»¼Ó",1157,3900,4200,3500,3400,3000,8100,3,1
94326.9874677126,"·s²ø°Ï","·s¥_¥«·s²ø°Ï¸U¦wµó¢µ¢¶«Ñ¢°¢¸¸¹¤­¼Ó",12275,1900,4000,3500,5700,4600,1600,3,0
98986.6666666667,"²H¤ô°Ï","·s¥_¥«²H¤ô°Ï¨F±[¸ô¤@¬q¢°¢¯¢¸¸¹¤­¼Ó",1261,3900,5500,3500,3400,3400,8100,3,1
106373.626373626,"¤T­«°Ï","·s¥_¥«¤T­«°Ï¥ÃºÖµó¢·¢°¸¹¤­¼Ó",15307,2300,3200,3500,3200,2200,2800,3,0
107599.193006052,"²H¤ô°Ï","·s¥_¥«²H¤ô°Ï²Hª÷¸ô¢²¢·«Ñ¢²¢²¸¹¤G¤Q¤G¼Ó¤§¢±¢´",4899,2300,2000,3500,3300,2700,2700,3,1
126417.407293901,"¤g«°°Ï","·s¥_¥«¤g«°°Ï©µ¹Ø¸ô¢³¢´¸¹¤»¼Ó",2096,3700,1500,3500,3900,4100,3200,3,1
136287.156477846,"ªO¾ô°Ï","·s¥_¥«ªO¾ô°Ï¤¤¥¿¸ô¢²¢²¢±¸¹¤­¼Ó¤§¤»",10280,2000,3100,3500,5900,1300,600,3,1
152164.708373028,"·s²ø°Ï","·s¥_¥«·s²ø°ÏºÖ¬üµó¢³¢¯¸¹¤C¼Ó",3445,5900,7500,3500,2400,2400,5900,3,1
161662.817551963,"¤¤©M°Ï","·s¥_¥«¤¤©M°Ï¤¤¤s¸ô¤T¬q¢°¢·¢´¸¹¤C¼Ó",9388,3300,2900,3500,3300,3200,3800,3,1
178642.31838031,"ªO¾ô°Ï","·s¥_¥«ªO¾ô°Ï«n¶®«n¸ô¤@¬q¢±¢²¸¹¤Q¤T¼Ó",3818,1300,3600,3500,750,800,2500,3,1
187553.209603269,"¤¤©M°Ï","·s¥_¥«¤¤©M°Ï¤¤­ì¤Gµó¢°¢²¢´¸¹¤Q¤@¼Ó",3215,3800,2300,3500,2800,2500,3600,3,1
191140.384863748,"·s²ø°Ï","·s¥_¥«·s²ø°ÏºaµØ¸ô¤@¬q¢°¢´¸¹¤»¼Ó",941,5700,8400,3500,2800,2200,5700,1,1
76418.5187543782,"ªL¤f°Ï","·s¥_¥«ªL¤f°Ï¤¤¤s¸ô¢´¢µ¢±¸¹¤Q¥|¼Ó¤§¤­",5319,2700,600,3400,2300,1900,2000,3,1
92747.5085473194,"ªL¤f°Ï","·s¥_¥«ªL¤f°Ï¤¤¤s¸ô¢³¢°¢±«Ñ¢±¢²¸¹¤T¼Ó",2916,3100,1600,3400,2000,1600,3800,3,1
94907.5713577449,"²H¤ô°Ï","·s¥_¥«²H¤ô°Ï²Hª÷¸ô¢°¢³¸¹¥|¼Ó",5440,2200,2000,3400,3200,2700,2700,3,1
99209.9944883336,"®õ¤s°Ï","·s¥_¥«®õ¤s°Ï©ú§Ó¸ô¤T¬q¢²¢´¢¯¸¹¤G¼Ó",585,2900,4200,3400,3300,3300,1400,3,1
99972.9802756012,"¤­ªÑ°Ï","·s¥_¥«¤­ªÑ°Ï½´µÜ¸ô¢³¢¯¸¹¤E¼Ó",9571,1800,250,3400,700,550,700,3,1
104911.140836996,"ªL¤f°Ï","·s¥_¥«ªL¤f°Ï¤¤¤s¸ô¢´¢´¢·¸¹¤E¼Ó",5318,2700,600,3400,2100,1900,3800,3,1
105174.194760071,"ªO¾ô°Ï","·s¥_¥«ªO¾ô°Ï¤T¥Á¸ô¤G¬q¥¿®õ¢²«Ñ¢·¸¹¤G¼Ó",13238,2300,3800,3400,3400,3400,3600,3,1
106573.23641688,"¤¤©M°Ï","·s¥_¥«¤¤©M°Ï¤¤¤s¸ô¤T¬q¢°¢°¢·¤§¢±¢°¸¹¤T¼Ó",10127,3200,2800,3400,3200,3100,3700,3,1
106671.728195881,"ªL¤f°Ï","·s¥_¥«ªL¤f°Ï¤å¤Æ¤T¸ô¤G¬q¢´¢µ¸¹¤E¼Ó",1617,2200,500,3400,2200,2200,3800,3,1
115809.706871696,"ªL¤f°Ï","·s¥_¥«ªL¤f°Ï¤¤¥_¤Tµó¢µ¢²¸¹¤»¼Ó",2824,3700,1600,3400,3300,900,1000,3,1
117480.074243913,"ªL¤f°Ï","·s¥_¥«ªL¤f°Ï¤¤¤s¸ô¢´¢µ¢µ¸¹¤Q¼Ó¤§¤­",5315,2600,550,3400,2000,1900,3800,3,1
153166.827652822,"¤¤©M°Ï","·s¥_¥«¤¤©M°Ï¨q®Ô¸ô¤T¬q¢°¢¯«Ñ¢°¢³§Ë¢µ¢±¤§¢µ¸¹¤E¼Ó",10714,5100,3200,3400,3500,3000,4500,3,1
153389.411182583,"ªO¾ô°Ï","·s¥_¥«ªO¾ô°Ï¤T¥Á¸ô¤G¬q¢°¢´¢¯¸¹¤­¼Ó",9544,2700,3900,3400,3400,3000,3600,3,1
156641.201771843,"·s²ø°Ï","·s¥_¥«·s²ø°Ï«ä·½¸ô¢²¢²¢±«Ñ¢´¢´¸¹¤Q¤T¼Ó",3163,5200,2400,3400,2000,2000,5300,3,1
173724.455573939,"®õ¤s°Ï","·s¥_¥«®õ¤s°Ï©ú§Ó¸ô¤T¬q¢²¢´¢¯¸¹",585,2900,4200,3400,3300,3300,1400,3,1
191296.344990797,"·s²ø°Ï","·s¥_¥«·s²ø°Ï«ä·½¸ô¢°¢¸¢±«Ñ¢´¢µ¸¹¥|¼Ó",3960,5200,2400,3400,1900,2000,5300,3,1
197146.841145554,"·s²ø°Ï","·s¥_¥«·s²ø°Ï«ä·½¸ô¢±¢²¢¯«Ñ¢´¢·¸¹¤T¼Ó",4142,5200,2500,3400,2000,2100,5300,3,1
94297.2608890885,"²H¤ô°Ï","·s¥_¥«²H¤ô°Ï²Hª÷¸ô¢²¢·«Ñ¢²¢²¸¹¤Q¥|¼Ó¤§¢°¢²",4943,2100,2500,3300,3100,2500,2600,3,1
97131.0706919182,"²H¤ô°Ï","·s¥_¥«²H¤ô°Ï²Hª÷¸ô¢±¢°¸¹¤G¤Q¤C¼Ó¤§¢·",5087,1700,2200,3300,3400,2900,2400,3,1
104961.164369183,"²H¤ô°Ï","·s¥_¥«²H¤ô°ÏÀØ®ü¸ô¤@¬q¢°¢´¢¶¸¹¤T¼Ó",3574,4200,3200,3300,3100,2400,7100,3,1
105184.694384628,"²H¤ô°Ï","·s¥_¥«²H¤ô°Ï²Hª÷¸ô¢²¢·«Ñ¢²¢²¸¹¤C¼Ó¤§¢±¢°",4921,2100,2500,3300,3100,2500,2600,3,1
109468.313329854,"ªO¾ô°Ï","·s¥_¥«ªO¾ô°Ï¦Û±j·s§ø¢¸¢±«Ñ¢°¢¶¸¹¤G¼Ó",17790,950,2100,3300,700,400,1600,4,1
147302.702175398,"ªL¤f°Ï","·s¥_¥«ªL¤f°Ï¤¤¤s¸ô¢µ¢¶¢¸¸¹¤Q¤E¼Ó¤§¤T",2109,3000,550,3300,1900,1600,1500,3,1
165990.876837304,"ªO¾ô°Ï","·s¥_¥«ªO¾ô°Ï¤¤¥¿¸ô¢µ¢¶¸¹¤G¼Ó",1194,850,2000,3300,600,350,1500,1,1
166195.716835217,"¤¤©M°Ï","·s¥_¥«¤¤©M°Ï¥Á¦³µó¢²¢´¸¹¤K¼Ó",946,3100,2700,3300,3100,3000,3600,3,1
170846.566641113,"¦Á¤î°Ï","·s¥_¥«¦Á¤î°Ï¤j¦P¸ô¤G¬q¢°¢·¢³«Ñ¢°¤§¢°¢¯¸¹¤Q¼Ó",-142,1300,1100,3300,950,600,2400,3,1
174575.380843985,"·s²ø°Ï","·s¥_¥«·s²ø°Ï©÷¼wµó¢²¢¯¸¹¤»¼Ó",2308,5500,2500,3300,2800,2000,5500,3,1
189369.562626624,"¤T­«°Ï","·s¥_¥«¤T­«°Ï¤­¨¦¤ý¥_µó¢³¢´«Ñ¢´¢²¸¹¤Q¤@¼Ó",101,4200,2200,3300,2700,4200,2800,3,1
189649.060616803,"¤T­«°Ï","·s¥_¥«¤T­«°Ï¤­¨¦¤ý¥_µó¢³¢´«Ñ¢´¢²¸¹¤Q¤­¼Ó",73,4200,2200,3300,2700,4200,2800,3,1
192773.600668338,"¤T­«°Ï","·s¥_¥«¤T­«°Ï¤­¨¦¤ý¥_µó¢³¢´«Ñ¢´¢°¸¹¤Q¤»¼Ó",73,4200,2200,3300,2700,4200,2800,3,1
203237.622592461,"¤T­«°Ï","·s¥_¥«¤T­«°Ï¤­¨¦¤ý¥_µó¢³¢´«Ñ¢´¢²¸¹¤E¼Ó",98,4200,2200,3300,2700,4200,2800,3,1
223312.249903188,"ªO¾ô°Ï","·s¥_¥«ªO¾ô°Ïº~¥ÍªF¸ô¢±¢²¢·¸¹¤Q¥|¼Ó",4778,750,2500,3300,1100,1500,2200,1,1
48323.7692540018,"ªL¤f°Ï","·s¥_¥«ªL¤f°Ï¤¤¥¿¸ô¢±¢µ¢³«Ñ¢°¸¹¤T¼Ó",15485,4000,1900,3200,500,400,350,3,0
58644.4118642156,"¤­ªÑ°Ï","·s¥_¥«¤­ªÑ°Ï¦¨®õ¸ô¤T¬q¢±«Ñ¢°¸¹¤§¢°¢²¤­¼Ó",10484,2000,2100,3200,800,750,800,3,0
80750.3638617864,"ªL¤f°Ï","·s¥_¥«ªL¤f°Ï¤å¤Æ¤G¸ô¤G¬q¢°¢³¢´¸¹¤G¼Ó¤§¤Q¤@",3899,2900,1300,3200,1700,1400,3600,3,1
107401.57480315,"ªL¤f°Ï","·s¥_¥«ªL¤f°Ï¤å¤Æ¤G¸ô¤G¬q¢°¢µ¢¸¸¹¤Q¤T¼Ó¤§¤T",3934,2900,1300,3200,1800,1500,3600,3,1
112194.033182055,"ªL¤f°Ï","·s¥_¥«ªL¤f°Ï¤å¤Æ¤T¸ô¤G¬q¢°¢°¢´«Ñ¢·¢¶¸¹¥|¼Ó",2939,2300,270,3200,2700,2400,3600,3,1
117678.503245514,"¤g«°°Ï","·s¥_¥«¤g«°°Ï©µ©M¸ô¢±¢³¢µ¸¹¤K¼Ó¤§¤@",10274,3300,1100,3200,3500,3800,2800,3,1
123983.921393479,"ªO¾ô°Ï","·s¥_¥«ªO¾ô°Ï¤j¤¯µó¢°¢°¢¯«Ñ¢°¢±§Ë¢°¢°¸¹¤T¼Ó",13571,1800,2000,3200,1900,900,1700,3,0
132303.358798173,"Äª¬w°Ï","·s¥_¥«Äª¬w°Ï¶°½å¸ô¢±¢¶¢¯¸¹¤K¼Ó",4464,2100,2500,3200,3000,2100,900,3,1
155951.832598539,"¤T­«°Ï","·s¥_¥«¤T­«°Ï¥ÃºÖµó¢°¢¶¢¶«Ñ¢µ¸¹¤G¼Ó",2457,3100,2500,3200,2900,2300,2500,3,1
161477.572559367,"·s²ø°Ï","·s¥_¥«·s²ø°Ï·s¥_¤j¹D¥|¬q¢°¢¶¢¸¸¹¥|¼Ó¤§¤T",3425,5100,3200,3200,6300,1600,5100,3,1
184918.529746116,"·s²ø°Ï","·s¥_¥«·s²ø°ÏºÖ¹Øµó¢°¢²¢µ«Ñ¢±¢·¸¹",15425,6000,7300,3200,2200,1700,5200,3,0
194552.529182879,"ªO¾ô°Ï","·s¥_¥«ªO¾ô°Ï¤¤¥¿¸ô¢³¢µ¢°¸¹¤Q¤K¼Ó",267,2500,550,3200,3000,1800,550,3,1
196276.69065604,"¤¤©M°Ï","·s¥_¥«¤¤©M°Ï¤¤­ìªFµó¢µ¢µ¸¹¤Q¤C¼Ó",1965,3800,2100,3200,2700,2300,3400,3,1
217946.460021134,"¤¤©M°Ï","·s¥_¥«¤¤©M°Ï­û¤s¸ô¢´¢¸¢°¸¹¤Q¤»¼Ó",1802,3000,2600,3200,3000,2900,3500,1,1
60725.671777744,"ªO¾ô°Ï","·s¥_¥«ªO¾ô°Ï¤¤¤s¸ô¤@¬q¢±¢¯¢µ«Ñ¢¶¢µ¸¹¤­¼Ó",13816,1400,2600,3100,2300,1900,2300,3,0
67710.0677100677,"ªL¤f°Ï","·s¥_¥«ªL¤f°Ï¤¤¥¿¸ô¢²¢¯¢¯¸¹¥|¼Ó",15516,3600,1800,3100,550,500,3500,3,0
71083.376343077,"²H¤ô°Ï","·s¥_¥«²H¤ô°Ï¨F±[¸ô¤@¬q¢°¢±¢µ«Ñ¢°¢±¢²¸¹¤G¼Ó",1780,3500,4600,3100,2900,2500,8500,3,1
72057.479857131,"²H¤ô°Ï","·s¥_¥«²H¤ô°Ï¨F±[¸ô¤@¬q¢°¢±¢µ«Ñ¢°¢¯¢°¸¹¤»¼Ó",1731,3500,4600,3100,2900,2500,8500,3,1
72536.268134067,"¾ðªL°Ï","·s¥_¥«¾ðªL°Ï¤Ó¶¶µó¢¸¢µ«Ñ¢°¢µ§Ë¢°¢¯¸¹¤G¼Ó",13992,2300,2700,3100,2900,2100,2100,3,0
75961.0930986568,"²H¤ô°Ï","·s¥_¥«²H¤ô°Ï¨F±[¸ô¤@¬q¢°¢±¢µ«Ñ¢°¢±¢¶¸¹¤G¼Ó",1709,3500,4600,3100,2900,2500,8500,3,1
77497.4010017957,"²H¤ô°Ï","·s¥_¥«²H¤ô°Ï¨F±[¸ô¤@¬q¢°¢±¢µ«Ñ¢¶¢´¸¹¤C¼Ó",1795,3500,4600,3100,2900,2500,8500,3,1
89113.322441705,"²H¤ô°Ï","·s¥_¥«²H¤ô°Ï¨F±[¸ô¤@¬q¢°¢±¢µ«Ñ¢°¢±¢¯¸¹¤Q¼Ó",2189,3600,4000,3100,3000,2600,8500,3,1
96776.8663518104,"²H¤ô°Ï","·s¥_¥«²H¤ô°Ï¨F±[¸ô¤@¬q¢¸¢¸¸¹¤Q¼Ó",1235,3500,4700,3100,2900,2500,8600,3,1
97001.998667555,"²H¤ô°Ï","·s¥_¥«²H¤ô°Ï¤¤¥¿¸ô¤G¬q¢³¢¯¤§¢°¸¹¤Q¤G¼Ó",1765,5100,5100,3100,3500,2900,7400,3,1
97291.3211719182,"¤g«°°Ï","·s¥_¥«¤g«°°Ï©µ¦wµó¢²¢¶«Ñ¢¸¸¹¥|¼Ó",13493,3200,1200,3100,3400,3700,3000,3,0
100050.025012506,"¾ðªL°Ï","·s¥_¥«¾ðªL°Ï¤Ó¶¶µó¢¸¢µ«Ñ¢°¢µ§Ë¢°¢¯¸¹",13992,2300,3400,3100,2900,2100,2100,3,0
106364.327041085,"ªL¤f°Ï","·s¥_¥«ªL¤f°Ï«H¸q¸ô¢²¢·¢±¸¹¤Q¤­¼Ó¤§¤K",4603,2400,210,3100,2100,2100,2000,3,1
106535.8505525,"¤¤©M°Ï","·s¥_¥«¤¤©M°Ï¤¤¤s¸ô¤T¬q¢¸¢·¸¹¤T¼Ó",13372,2900,2500,3100,2900,2700,3300,3,0
123618.090452261,"®õ¤s°Ï","·s¥_¥«®õ¤s°Ï©ú§Ó¸ô¤T¬q¢°¢¸¢µ«Ñ¢±¢°§Ë¢°¢´¸¹¤G¼Ó",16705,2500,3900,3100,3000,3100,1100,3,0
125721.047182369,"ªL¤f°Ï","·s¥_¥«ªL¤f°Ï«H¸q¸ô¢²¢¶¢·¸¹¤Q¼Ó¤§¤C",4587,2400,210,3100,2000,2100,3500,3,1
164113.785557987,"·s²ø°Ï","·s¥_¥«·s²ø°Ï·s¥_¤j¹D¥|¬q¢°¢²¢´¸¹¤K¼Ó¤§¤T",1235,5000,3200,3100,4400,1500,5000,1,1
179567.40579513,"·s²ø°Ï","·s¥_¥«·s²ø°ÏºaµØ¸ô¤G¬q¢°¢¯¸¹¤C¼Ó¤§¤G",2009,4900,2300,3100,3500,1400,4900,3,1
193961.029302395,"·s²ø°Ï","·s¥_¥«·s²ø°Ï¤¤¥¡¸ô¢´¢¶¢µ¸¹¤Q¤@¼Ó",1431,4900,2900,3100,4200,1400,4900,3,1
209998.645170031,"·s²ø°Ï","·s¥_¥«·s²ø°Ï©÷¼wµó¢¸¢±¸¹",1877,5300,2300,3100,2900,1800,5300,3,1
68364.5045762037,"²H¤ô°Ï","·s¥_¥«²H¤ô°Ï·s¥«¤@¸ô¤@¬q¢²¢¯¢´¸¹",5015,3400,3600,3000,2800,2400,7500,3,1
73151.2679553112,"ªL¤f°Ï","·s¥_¥«ªL¤f°Ï¤¤¥_¤Tµó¢°¢¸¢²¸¹¤­¼Ó",-734,3400,1300,3000,2800,1000,3400,3,1
73876.1395787488,"ªL¤f°Ï","·s¥_¥«ªL¤f°Ï¤¤¥_¤Tµó¢°¢·¢¸¸¹¤T¼Ó",-709,3400,1300,3000,2800,1000,3400,3,1
74083.2918533267,"ªL¤f°Ï","·s¥_¥«ªL¤f°Ï¤¤¥_¤Tµó¢°¢¸¢°¸¹¤­¼Ó",-786,3400,1300,3000,2800,1000,3400,3,1
74183.9762611276,"ªL¤f°Ï","·s¥_¥«ªL¤f°Ï¤¤¥_¤Tµó¢±¢¯¢´¸¹¤»¼Ó",-919,3400,1300,3000,2800,950,3400,3,1
77972.7095516569,"¾ðªL°Ï","·s¥_¥«¾ðªL°Ï¦W¶éµó¢¶¢·«Ñ¢°¢µ§Ë¢±¢³¸¹¥|¼Ó",14893,2100,2600,3000,2300,1900,1900,3,0
78028.5738439429,"ªL¤f°Ï","·s¥_¥«ªL¤f°Ï¤¤¥_¤Tµó¢°¢¸¢¶¸¹¤G¼Ó",-744,3400,1300,3000,2800,1000,3400,3,1
81801.8825638727,"ªL¤f°Ï","·s¥_¥«ªL¤f°Ï¤¤¥_¤Tµó¢°¢·¢¶¸¹¤»¼Ó",-667,3400,1300,3000,2800,1000,3400,3,1
98812.8962633212,"·s²ø°Ï","·s¥_¥«·s²ø°Ï«á´ä¤@¸ô¢±¢·«Ñ¢°§Ë¢°¢²¸¹¤T¼Ó",11742,1400,3500,3000,5400,4600,1500,3,0
104951.560818084,"Äª¬w°Ï","·s¥_¥«Äª¬w°Ï¥Á±Ú¸ô¢²¢²¢µ«Ñ¢°¢¸§Ë¢°¢¯¸¹¤­¼Ó",14983,1600,2000,3000,2600,1600,1600,3,0
123164.377072477,"ªL¤f°Ï","·s¥_¥«ªL¤f°Ï¤å¤Æ¤T¸ô¤G¬q¢±¢¯¸¹¤­¼Ó¤§¤@",5127,2000,1900,3000,2400,2400,3400,3,1
158622.392297247,"¤¤©M°Ï","·s¥_¥«¤¤©M°Ï¤¤¤s¸ô¤T¬q¢²¢¸¸¹¥|¼Ó¤§¤Q¤T",5194,2800,2400,3000,2800,2600,3200,3,1
51150.895140665,"²H¤ô°Ï","·s¥_¥«²H¤ô°Ï²H®ü¸ô¢°¢´¢¯«Ñ¢²¸¹¤G¼Ó",14860,4300,5600,2900,3300,2700,7200,3,0
60835.4738407463,"¦Á¤î°Ï","·s¥_¥«¦Á¤î°Ï·s»O¤­¸ô¤G¬q¢±¢³¢¯¤§¢°¸¹¥|¼Ó",5328,2000,2100,2900,2100,2600,2200,3,1
64878.1823159047,"¤T®l°Ï","·s¥_¥«¤T®l°Ï¤¤¥¿¸ô¤@¬q¢´¢¯¢¯¸¹",10153,3400,2300,2900,2700,2600,3200,3,0
68789.08470722,"¦Á¤î°Ï","·s¥_¥«¦Á¤î°Ï·s»O¤­¸ô¤G¬q¢±¢³¢¯¤§¢´¸¹¤C¼Ó",5363,2000,2100,2900,2100,2600,2200,3,1
70325.2543011428,"ªL¤f°Ï","·s¥_¥«ªL¤f°Ï¥ÁÅv¸ô¢°¢·¸¹¤Q¼Ó",5707,2100,450,2900,1800,2600,2600,3,1
73206.4421669107,"·s²ø°Ï","·s¥_¥«·s²ø°Ï«á´ä¤@¸ô¢¸¢±¸¹¥|¼Ó",13970,1200,3400,2900,5200,4400,1300,3,0
75295.0752950753,"²H¤ô°Ï","·s¥_¥«²H¤ô°Ï¨F±[¸ô¢±¢°¢µ«Ñ¢±¢µ¸¹¤­¼Ó",4245,3800,3800,2900,3200,3100,7600,3,1
98010.5324751316,"²H¤ô°Ï","·s¥_¥«²H¤ô°Ï¨F±[¸ô¤@¬q¢´¢´¸¹¤Q¤G¼Ó",1235,3300,4500,2900,2700,2300,8400,3,1
99547.5113122172,"®õ¤s°Ï","·s¥_¥«®õ¤s°Ï©ú§Ó¸ô¤T¬q¢°¢³¢±«Ñ¢·¸¹¤­¼Ó¤§¥|¤Q",8668,2400,3700,2900,2700,2800,900,3,1
108235.294117647,"¤T­«°Ï","·s¥_¥«¤T­«°Ï¥ÃºÖµó¢±¢¯¢±¸¹¤G¼Ó",15224,1900,2500,2900,2600,1900,2200,3,0
108695.652173913,"®õ¤s°Ï","·s¥_¥«®õ¤s°Ï©ú§Ó¸ô¤T¬q¢°¢³¢±«Ñ¢·¸¹¤»¼Ó¤§¤G¤G",8727,2400,3700,2900,2700,2800,900,3,1
112864.343633574,"¤g«°°Ï","·s¥_¥«¤g«°°Ï©µ©M¸ô¢·¢·«Ñ¢°¢¯§Ë¢²¸¹¤G¼Ó",14115,3100,2700,2900,3300,3500,2500,3,0
117344.018317115,"Äª¬w°Ï","·s¥_¥«Äª¬w°Ï¶°½å¸ô¢±¢±¢³«Ñ¢°¢´¸¹¤Q¤G¼Ó",9588,2200,2600,2900,2800,2200,1000,3,1
118398.994132439,"¤g«°°Ï","·s¥_¥«¤g«°°Ï©µ©M¸ô¢³¢°«Ñ¢±§Ë¢°¢°¸¹¤G¼Ó",12500,3200,2700,2900,3400,3700,2700,3,0
120787.354607814,"ªO¾ô°Ï","·s¥_¥«ªO¾ô°Ïª÷µØµó¢°¢¯«Ñ¢³¢·§Ë¢±¢³¸¹¤T¼Ó",17119,1400,1300,2900,2400,1200,650,3,0
127692.649344881,"¾ðªL°Ï","·s¥_¥«¾ðªL°Ï¤TÀsµó¢·¢¯«Ñ¢°¢¯¸¹",14501,4600,4400,2900,4200,4800,5000,4,0
138038.895688834,"¾ðªL°Ï","·s¥_¥«¾ðªL°Ï¦W¶éµó¢´¢°«Ñ¢±§Ë¢·¸¹",14849,2000,2400,2900,2700,1700,1700,3,0
145333.241625972,"¤¤©M°Ï","·s¥_¥«¤¤©M°Ï¨q®Ô¸ô¤T¬q¢°¢¶¢´«Ñ¢°¢µ¸¹¤Q¥|¼Ó",9574,4200,3200,2900,3000,3100,3600,3,1
146826.293200813,"ªO¾ô°Ï","·s¥_¥«ªO¾ô°ÏÀs¬uµó¢°¢¯¢·«Ñ¢¸¢µ¸¹¤K¼Ó",8915,2100,500,2900,3200,2000,350,3,1
148009.424273546,"¤¤©M°Ï","·s¥_¥«¤¤©M°Ï¤¤­ìµó¢°¢´¢¯¸¹¤Q¥|¼Ó",2081,3200,3200,2900,2600,2400,3100,3,1
148972.720401292,"ªO¾ô°Ï","·s¥_¥«ªO¾ô°Ï¥Á¥Í¸ô¤T¬q¢²¢±¢°¸¹¤E¼Ó",5759,2600,2600,2900,3700,2900,1700,1,1
151639.039619416,"¤g«°°Ï","·s¥_¥«¤g«°°Ï©µ¦wµó¢³¢±¤§¢°¸¹¤»¼Ó",4234,3000,1000,2900,3200,3500,2500,3,1
153972.643695343,"ªO¾ô°Ï","·s¥_¥«ªO¾ô°Ï¥Á¥Í¸ô¤@¬q¢²¢²¸¹¤C¼Ó¤§¤­",10093,2000,3200,2900,2900,2900,3100,2,1
168750,"·s©±°Ï","·s¥_¥«·s©±°Ï·Ë¶é¸ô¢²¢µ¢´¤§¢²¸¹¤C¼Ó",6846,3500,2400,2900,2900,4200,2100,3,1
177337.213532193,"·s²ø°Ï","·s¥_¥«·s²ø°Ï¤¤µØ¸ô¤T¬q¢³¢·¸¹¤Q¤@¼Ó",465,5100,2100,2900,3300,1600,5100,3,1
178434.087063529,"·s©±°Ï","·s¥_¥«·s©±°Ï·Ë¶é¸ô¢²¢¶¢´¸¹¤Q¤T¼Ó",6816,3500,2500,2900,2900,5400,2000,3,1
180180.18018018,"ªO¾ô°Ï","·s¥_¥«ªO¾ô°Ï¥ÁÅv¸ô¢±¢¯¢±«Ñ¢¶§Ë¢°¢¸¸¹",18044,500,2100,2900,400,500,1300,4,0
57266.4800203614,"²H¤ô°Ï","·s¥_¥«²H¤ô°Ï¤¤¥¿¸ô¤G¬q¢±¢±«Ñ¢±¢¯¸¹¤G¤Q¼Ó",9645,4300,3800,2800,3200,2600,7100,3,1
89362.0327919807,"²H¤ô°Ï","·s¥_¥«²H¤ô°Ï·s¥«¤@¸ô¤T¬q¢°¢¯¢°«Ñ¢°¢¶¢±¸¹¤C¼Ó",2843,2800,2400,2800,2600,1800,6300,3,1
90909.0909090909,"¤T­«°Ï","·s¥_¥«¤T­«°Ïª÷µØµó¢¶¢¯¸¹",19416,2800,1600,2800,2000,2700,1700,4,0
97020.888026481,"¤g«°°Ï","·s¥_¥«¤g«°°Ï©µ¦wµó¢±¢µ¸¹¤T¼Ó",10672,3000,1000,2800,3200,3400,2500,3,1
100483.337573137,"²H¤ô°Ï","·s¥_¥«²H¤ô°Ï·s¥«¤@¸ô¤T¬q¢°¢¯¢°«Ñ¢°¢´¢·¸¹¤C¼Ó",2873,2900,2300,2800,2700,1900,6200,3,1
105629.003679978,"®õ¤s°Ï","·s¥_¥«®õ¤s°Ï©ú§Ó¸ô¤T¬q¢°¢²¢´¸¹¤C¼Ó",8560,2400,3500,2800,2600,2700,850,3,0
108213.820078227,"®õ¤s°Ï","·s¥_¥«®õ¤s°Ï¶Q¤l¸ô¢²¢µ«Ñ¢²§Ë¢°¢´¸¹¥|¼Ó",16419,2200,3500,2800,2600,2700,700,4,0
113831.089351285,"¤g«°°Ï","·s¥_¥«¤g«°°Ïª÷«°¸ô¤T¬q¢¶¢²«Ñ¢³§Ë¢°¸¹¥|¼Ó",14834,2900,2700,2800,3100,3400,2400,3,0
116887.111657951,"¦Á¤î°Ï","·s¥_¥«¦Á¤î°Ï¤ô·½¸ô¤@¬q¢°¢°¢°¸¹¢²¼Ó",14560,1100,900,2800,800,450,1900,3,0
122491.145218418,"ªO¾ô°Ï","·s¥_¥«ªO¾ô°Ï¤¤¥¿¸ô¢±¢²¢µ«Ñ¢·¢µ¸¹¥|¼Ó",17489,1400,1400,2800,2500,1200,750,3,0
127942.063971032,"·s©±°Ï","·s¥_¥«·s©±°Ï·Ë¶é¸ô¢±¢µ¢¸¸¹",6810,3600,2300,2800,3000,5500,2300,3,1
130054.386379759,"¥Ã©M°Ï","·s¥_¥«¥Ã©M°Ï¦¨¥\¸ô¤G¬q¢°¢´¢´¸¹¤G¼Ó",16132,240,1500,2800,2000,1100,2500,3,0
139676.996944566,"²H¤ô°Ï","·s¥_¥«²H¤ô°Ï¤¤¥¿ªF¸ô¤@¬q¢°¢¯¢´«Ñ¢°¢²¸¹¤G¤Q¤@¼Ó",4328,1600,1300,2800,2600,2400,3100,1,1
147501.505117399,"ªL¤f°Ï","·s¥_¥«ªL¤f°Ï«H¸q¸ô¢°¢¶¢¯¸¹¤Q¤T¼Ó¤§¤@",6094,2700,1100,2800,1600,1600,1500,3,1
152877.697841727,"ªO¾ô°Ï","·s¥_¥«ªO¾ô°ÏÀôªe¦è¸ô¤­¬q¢±¢³¢²¸¹¤Q¤­¼Ó",-20,2900,1400,2800,3400,2200,700,3,1
185564.996581697,"·s²ø°Ï","·s¥_¥«·s²ø°Ï¤¤¥¡¸ô¢¶¢¯¢±¸¹¥|¼Ó",3242,4600,2600,2800,4400,4200,4600,3,1
229479.176371937,"¤¤©M°Ï","·s¥_¥«¤¤©M°Ï¤¤­ì¤Tµó¢²¢±¸¹",1705,3000,1800,2800,2400,2100,2900,1,1
50958.3700747204,"²H¤ô°Ï","·s¥_¥«²H¤ô°Ï¤¤¥¿¸ô¤@¬q¢°¢´¢µ«Ñ¢°¢±¸¹¤Q¤T¼Ó¤§¢´",11203,4300,3700,2700,3100,2500,7000,3,1
59848.3840936295,"²H¤ô°Ï","·s¥_¥«²H¤ô°Ï¤¤¥¿¸ô¤@¬q¢°¢´¢µ«Ñ¢°¢±¸¹¤G¼Ó¤§¢±",11228,4300,4200,2700,3100,2500,7000,3,1
73394.495412844,"¤T­«°Ï","·s¥_¥«¤T­«°Ï°ê¹D¸ô¤@¬q¢´¢°¸¹¤­¼Ó",13222,2100,2400,2700,2400,2000,2000,3,0
82101.8062397373,"®õ¤s°Ï","·s¥_¥«®õ¤s°Ï©ú§Ó¸ô¤T¬q¢°¢±¢²«Ñ¢°§Ë¢³¸¹¤G¼Ó",16343,2400,1100,2700,2600,2700,850,4,0
89439.2844857241,"¤g«°°Ï","·s¥_¥«¤g«°°Ï¼w…]µó¢±«Ñ¢²¸¹¤C¼Ó",10074,2800,2600,2700,3000,3300,2300,3,1
91575.0915750916,"¤¤©M°Ï","·s¥_¥«¤¤©M°Ï¦Û¥ß¸ô¢°¢°¢¶«Ñ¢±§Ë¢¶¸¹¤T¼Ó",14857,4200,3500,2700,2800,2800,3500,3,0
92106.5663068238,"®õ¤s°Ï","·s¥_¥«®õ¤s°Ï©ú§Ó¸ô¤T¬q¢¶¢³«Ñ¢°¢¶¸¹¤»¼Ó",11015,2400,1300,2700,2500,2600,850,3,1
93429.7769740808,"Åaºq°Ï","·s¥_¥«Åaºq°Ï°ê¤¤µó¢°¢µ¢´¸¹¤Q¼Ó",2668,2800,2800,2700,2800,1800,200,3,1
147885.602542166,"¤¤©M°Ï","·s¥_¥«¤¤©M°Ï´º¥­¸ô¢¶¢°¤§¢¶¸¹¤K¼Ó¤§¤T",9048,3900,3000,2700,2800,2800,3300,3,1
163068.442811208,"·s©±°Ï","·s¥_¥«·s©±°Ï·Ë¶é¸ô¢´¢°¢°¸¹¤C¼Ó",7188,3500,2700,2700,2900,5400,1900,3,1
210012.48722897,"ªO¾ô°Ï","·s¥_¥«ªO¾ô°Ï·s©²¸ô¢·¢±¸¹¤Q¤C¼Ó",5022,110,2700,2700,350,650,2000,3,1
30921.0526315789,"¤TªÛ°Ï","·s¥_¥«¤TªÛ°Ï·sÉÜ¤l¢¸¢´¤§¢±¢³¸¹",14901,2000,2500,2600,2200,2200,13000,4,0
42356.8086989506,"¤TªÛ°Ï","·s¥_¥«¤TªÛ°Ï·sÉÜ¤l¢´¢¶¤§¢°¸¹",18103,2000,1700,2600,1400,2200,13000,4,0
68028.0115341611,"²H¤ô°Ï","·s¥_¥«²H¤ô°Ï­^±M¸ô¢°¢²¢³¸¹¥|¼Ó",10608,850,450,2600,2400,1000,4800,3,0
68238.2133995037,"®õ¤s°Ï","·s¥_¥«®õ¤s°Ï©ú§Ó¸ô¤T¬q¢¶¢³«Ñ¢´¸¹¤G¼Ó",14748,2300,1200,2600,2500,2600,800,3,0
79427.2289965321,"¦Á¤î°Ï","·s¥_¥«¦Á¤î°Ï·s»O¤­¸ô¤G¬q¢±¢´¢¯¸¹¢°¢¸¼Ó¤§¢°",9951,1700,1900,2600,1900,2300,1900,3,1
81150.3878988542,"²H¤ô°Ï","·s¥_¥«²H¤ô°Ï·s¥«¤@¸ô¤@¬q¢µ¢µ¸¹¤C¼Ó",4196,3000,3000,2600,2400,2000,8300,3,1
91050.98855359,"¦Á¤î°Ï","·s¥_¥«¦Á¤î°Ï¤¤¥¿¸ô¢±¢µ¢µ¸¹¢¶¼Ó",9307,650,2800,2600,500,290,1000,3,1
91827.3645546373,"®õ¤s°Ï","·s¥_¥«®õ¤s°Ï©ú§Ó¸ô¤T¬q¢¶¢³«Ñ¢°¸¹",14722,2300,1200,2600,2500,2600,800,3,0
95041.7954883774,"¤T­«°Ï","·s¥_¥«¤T­«°Ï¨®¸ôÀYµó¢°¢²¢·¸¹¤T¼Ó¤§¤T",15779,1900,2800,2600,2900,1800,2400,3,1
98505.5230669266,"®õ¤s°Ï","·s¥_¥«®õ¤s°Ï©ú§Ó¸ô¤T¬q¢¶¢³«Ñ¢´¸¹",14722,2300,1200,2600,2500,2600,800,3,0
110507.246376812,"·s²ø°Ï","·s¥_¥«·s²ø°Ï¤¤«Hµó¢¸¢³«Ñ¢´¸¹¤G¼Ó",12766,4600,2200,2600,3900,950,4700,3,0
124657.534246575,"¤T­«°Ï","·s¥_¥«¤T­«°Ï¤O¦æ¸ô¤G¬q¢²¢²«Ñ¢°¢±¸¹¥|¼Ó",15176,2000,2900,2600,2900,1900,2200,3,0
165977.011494253,"¤¤©M°Ï","·s¥_¥«¤¤©M°Ï¦Û¥ß¸ô¢²¢µ¤§¢³¸¹¤G¼Ó",8810,3800,2800,2600,2600,2700,3200,3,1
188559.514096637,"·s²ø°Ï","·s¥_¥«·s²ø°ÏºaµØ¸ô¤G¬q¢°¢¶¢°¸¹¤E¼Ó",171,4500,2400,2600,4000,3800,4500,1,1
202139.727307102,"¤¤©M°Ï","·s¥_¥«¤¤©M°Ï¤¤­ì¤Gµó¢°¢·¸¹¤G¤Q¼Ó",1791,2900,1700,2600,2200,2000,2800,1,1
209193.36069088,"·s²ø°Ï","·s¥_¥«·s²ø°ÏºaµØ¸ô¤G¬q¢°¢¶¢°¸¹¤G¤Q¤C¼Ó",238,4500,2400,2600,4000,1000,4500,1,1
213657.623947615,"ªO¾ô°Ï","·s¥_¥«ªO¾ô°Ï·s©²¸ô¢°¢°¢µ¸¹¤Q¥|¼Ó",5018,87,2600,2600,350,1900,2000,3,1
234712.002029942,"ªO¾ô°Ï","·s¥_¥«ªO¾ô°Ï·s©²¸ô¢°¢²¢¯¸¹¤G¤Q¤G¼Ó",5009,78,2600,2600,350,650,2000,3,1
44209.750706128,"²H¤ô°Ï","·s¥_¥«²H¤ô°Ï¾H¤½¸ô¢²¢¯«Ñ¢±§Ë¢°¢°¸¹¥|¼Ó",12100,850,2000,2500,2400,2000,4500,3,1
72693.3830382106,"¤g«°°Ï","·s¥_¥«¤g«°°Ï«C¶³¸ô¢´¢·¢¶«Ñ¢°¢¸¸¹¤­¼Ó",10363,2600,2400,2500,2800,3100,2100,3,1
75422.6267880364,"¾ðªL°Ï","·s¥_¥«¾ðªL°Ï«T­^µó¢°¢´¢´«Ñ¢³¢²§Ë¢°¢´¸¹¤»¼Ó¤§¢°",9172,2900,2600,2500,2600,3600,3800,3,1
77599.9445714682,"²H¤ô°Ï","·s¥_¥«²H¤ô°Ï·s¥«¤@¸ô¤@¬q¢°¢±¸¹¤Q¥|¼Ó",4192,3300,4400,2500,2700,2300,8300,3,1
84002.4706609018,"Äª¬w°Ï","·s¥_¥«Äª¬w°Ï«H¸q¸ô¢±¢³¢µ¸¹¤G¼Ó",4658,1800,2200,2500,2400,1800,700,3,1
87285.4233343032,"²H¤ô°Ï","·s¥_¥«²H¤ô°Ï·s¥«¤@¸ô¤T¬q¢°¢¯¢°«Ñ¢°¢µ§Ë¢±¢·¸¹¤K¼Ó",4878,2500,2100,2500,2300,1600,6000,3,1
90330.0521134916,"²H¤ô°Ï","·s¥_¥«²H¤ô°Ï¾Ç©²¸ô¢°¢²¢µ«Ñ¢´¢¶¸¹¤Q¤G¼Ó¤§¢°¢²",5433,2100,1300,2500,2300,1700,4600,3,1
94596.6285370259,"Åaºq°Ï","·s¥_¥«Åaºq°Ï°ê¤¤µó¢°¢´¢¶¸¹¤K¼Ó",2672,2600,2700,2500,2700,1700,300,3,1
97310.5253387785,"¤T­«°Ï","·s¥_¥«¤T­«°Ï«á¦Ë³òµó¢±¢¶¢²¸¹¤T¼Ó",14025,1800,1800,2500,2200,1800,1800,3,0
110970.196575777,"²`§|°Ï","·s¥_¥«²`§|°Ï»A¨¦µó¢·¢´¸¹¤­¼Ó¤§¢±",1453,1500,3400,2500,2000,1900,2900,3,1
116099.07120743,"Äª¬w°Ï","·s¥_¥«Äª¬w°Ï¥Á±Ú¸ô¢°¢µ¢¶«Ñ¢°§Ë¢°¸¹¤­¼Ó",13901,1800,2200,2500,2400,1800,1000,3,0
133692.411272482,"¤¤©M°Ï","·s¥_¥«¤¤©M°ÏµØ·sµó¢°¢³¢²«Ñ¢¶¢°¸¹¤»¼Ó",1691,3900,3200,2500,2800,2800,3300,3,1
143030.303030303,"¦Á¤î°Ï","·s¥_¥«¦Á¤î°Ï·s»O¤­¸ô¤G¬q¢·¢²¸¹¤­¼Ó",3361,500,290,2500,900,1200,1100,3,1
143750,"¤¤©M°Ï","·s¥_¥«¤¤©M°Ï´º¥­¸ô¢µ¢³«Ñ¢°¢³§Ë¢¸¸¹¤T¼Ó",16832,3800,2800,2500,2600,2700,3200,3,0
148884.133292571,"¤T­«°Ï","·s¥_¥«¤T­«°Ï¤¯·Rµó¢±¢µ¢¸«Ñ¢´¢·¸¹¤C¼Ó",9020,1800,3600,2500,3300,1700,2900,3,0
148993.117512108,"¤T­«°Ï","·s¥_¥«¤T­«°Ï¤¤¥¿¥_¸ô¢°¢µ¢´«Ñ¢°¢¯¢¸¸¹¤Q¤G¼Ó",5312,2400,2100,2500,2200,2300,1800,3,1
150604.710375557,"¤T­«°Ï","·s¥_¥«¤T­«°Ï·Ë§Àµó¢°¢¸¢´¸¹¤Q¥|¼Ó",4586,1700,3600,2500,3200,1600,2800,3,1
159616.919393456,"¤¤©M°Ï","·s¥_¥«¤¤©M°Ï¤¤©M¸ô¢±¢µ¢±¸¹¤»¼Ó¤§¤»",4994,3700,1000,2500,950,700,3100,3,1
163398.692810458,"¤¤©M°Ï","·s¥_¥«¤¤©M°Ï´º¼wµó¢·¢¸«Ñ¢·§Ë¢°¸¹",16821,3800,2800,2500,2600,2700,3200,4,0
190969.295605057,"¤T­«°Ï","·s¥_¥«¤T­«°Ï¤T©M¸ô¥|¬q¢°¢·¢°«Ñ¢±¢³¢µ¸¹",20534,1800,3500,2500,3300,1700,2900,4,0
55958.1697372395,"¥Ã©M°Ï","·s¥_¥«¥Ã©M°Ï¦¨¥\¸ô¤G¬q¢±¢·¸¹¦a¤U¤@¼h¤§¤Q¥|",8710,500,1900,2400,1700,800,2200,3,1
55959.2323849532,"¥Ã©M°Ï","·s¥_¥«¥Ã©M°Ï¦¨¥\¸ô¤G¬q¢±¢·¸¹¦a¤U¤@¼h¤§¤Q¤G",8710,500,1900,2400,1700,1000,2200,3,1
69541.0292072323,"²H¤ô°Ï","·s¥_¥«²H¤ô°Ï¤ô·½µó¤G¬q¢°¢¶¢¶«Ñ¢°¢¯¢·¸¹¤Q¤T¼Ó",9364,2500,80,2400,2300,1500,5000,3,1
83502.866654337,"·s²ø°Ï","·s¥_¥«·s²ø°Ï¤¤´ä¸ô¢´¢¸¢°«Ñ¢°¢¶¸¹¥|¼Ó",13280,5200,1900,2400,3200,850,5200,3,0
96699.478865084,"²H¤ô°Ï","·s¥_¥«²H¤ô°Ï¾Ç©²¸ô¢°¢²¢µ«Ñ¢´¢²¸¹¤Q¤T¼Ó¤§¢°¢²",5430,1500,1300,2400,2300,1700,4600,3,1
98548.647195843,"²H¤ô°Ï","·s¥_¥«²H¤ô°Ï¤¤¥¿ªF¸ô¤@¬q¢²«Ñ¢°¢³§Ë¢°¢¸¸¹¤Q¼Ó",5324,700,950,2400,2200,1600,3400,3,1
102941.176470588,"²H¤ô°Ï","·s¥_¥«²H¤ô°Ï¤¤¤s¥_¸ô¤G¬q¢°¢·¢¸«Ñ¢°¢²¢·¸¹¤K¼Ó",4442,2400,1600,2400,2200,1500,6300,3,1
103146.527648483,"¾ðªL°Ï","·s¥_¥«¾ðªL°Ï«T­^µó¢°¢°¢°«Ñ¢±¤§¢²¸¹¤E¼Ó",7976,2400,2200,2400,2200,3100,3300,3,1
103430.262928783,"Äª¬w°Ï","·s¥_¥«Äª¬w°Ï«H¸q¸ô¢²¢±¢¶¸¹¤T¼Ó",13223,1700,2100,2400,2300,1700,750,3,0
111655.463142304,"·s²ø°Ï","·s¥_¥«·s²ø°Ï©÷¶©µó¢±¢µ¸¹¥|¼Ó",16069,5400,1700,2400,2700,1200,5500,3,0
118007.488936798,"¤¤©M°Ï","·s¥_¥«¤¤©M°Ï·s¥Íµó¢°¢²«Ñ¢±¸¹¤G¼Ó",15041,2200,1900,2400,2300,2100,2600,3,0
119462.090586585,"ªL¤f°Ï","·s¥_¥«ªL¤f°Ï©¾ºÖ¸ô¢°¢²¢²¸¹¥|¼Ó",411,1900,2100,2400,1500,4300,4200,3,1
122967.819629357,"ªL¤f°Ï","·s¥_¥«ªL¤f°Ï¤¯·R¸ô¤G¬q¢´¢°¢¯¸¹¤K¼Ó¤§¤G",5403,1900,1900,2400,2900,2600,2500,3,1
139894.667544437,"¥Ã©M°Ï","·s¥_¥«¥Ã©M°ÏºÖ©M¸ô¢´¸¹¤Q¤T¼Ó",6482,1300,2100,2400,550,300,2200,3,1
144853.616239927,"·s²ø°Ï","·s¥_¥«·s²ø°Ï¤¤­ì¸ô¢²¢´¢°¸¹¤T¼Ó",7280,4200,2200,2400,3900,700,4200,3,1
146377.34461199,"¤T­«°Ï","·s¥_¥«¤T­«°Ï·Ë§Àµó¢°¢¶¢¸¸¹¤G¼Ó",4874,1700,3600,2400,3200,1600,2800,3,1
148302.049004155,"¥Ã©M°Ï","·s¥_¥«¥Ã©M°ÏºÖ©M¸ô¢´¸¹¤»¼Ó¤§¥|",6485,1300,2100,2400,550,300,2200,3,1
167973.124300112,"·s©±°Ï","·s¥_¥«·s©±°Ï¤¤¿³¸ô¤@¬q¢´¢¸¤§¢°¸¹¥|¼Ó",3902,350,3100,2400,1000,1000,2600,3,1
168487.317163488,"ªO¾ô°Ï","·s¥_¥«ªO¾ô°Ï¥ÃÂ×µó¢·¢¸«Ñ¢´§Ë¢¶¸¹",12121,1700,3300,2400,2900,2400,2600,3,0
210894.418291863,"¤¤©M°Ï","·s¥_¥«¤¤©M°Ï¤ô·½¸ô¢°¢²¢±«Ñ¢¶¸¹¤G¤Q¤­¼Ó¤§¢·",2326,2900,1100,2400,1700,1200,2500,3,1
215526.046986721,"¤¤©M°Ï","·s¥_¥«¤¤©M°Ï¤ô·½¸ô¢°¢²¢±«Ñ¢¶¸¹¤Q¤E¼Ó¤§¢±",2339,2900,1100,2400,1800,1200,2500,3,1
254579.240775153,"¤¤©M°Ï","·s¥_¥«¤¤©M°Ï¤ô·½¸ô¢°¢²¢±«Ñ¢¶¤§¢±¸¹",2280,2900,1100,2400,1400,1200,2500,3,1
54443.2736213558,"²H¤ô°Ï","·s¥_¥«²H¤ô°Ï¥_·s¸ô¢°¢µ¢¸«Ñ¢°¢µ¸¹¤­¼Ó¤§¢±",9356,2400,650,2300,2200,1400,5500,3,1
55965.780141844,"¥Ã©M°Ï","·s¥_¥«¥Ã©M°Ï¦¨¥\¸ô¤G¬q¢±¢·¸¹¦a¤U¤@¼h¤§¤Q¤T",8710,500,2000,2300,1700,750,2200,3,1
57264.7613912106,"ªO¾ô°Ï","·s¥_¥«ªO¾ô°Ï¿¤¥Á¤j¹D¤T¬q¢²¢²«Ñ¢°§Ë¢°¢¯¸¹¤T¼Ó",15910,1500,2700,2300,2700,2300,2500,3,0
83127.5720164609,"²H¤ô°Ï","·s¥_¥«²H¤ô°Ï¥_·s¸ô¢°¢³¢°«Ñ¢°¢¯¸¹¤E¼Ó",10051,2300,450,2300,2100,1300,5500,3,1
101048.420471789,"¤K¨½°Ï","·s¥_¥«¤K¨½°Ï°Ó´ä¤G¸ô¢²¢²¸¹¤Q¤­¼Ó",131,2400,1600,2300,1600,800,5300,3,1
102406.882035325,"¤K¨½°Ï","·s¥_¥«¤K¨½°Ï°Ó´ä¤G¸ô¢²¢´¸¹¤Q¤­¼Ó",124,2700,1600,2300,1600,800,5300,3,1
110789.283128168,"ªO¾ô°Ï","·s¥_¥«ªO¾ô°Ï¤T¥Á¸ô¤G¬q¢°¢´¢²«Ñ¢±¢²¸¹¥|¼Ó",15208,2300,3600,2300,3500,3900,3300,3,0
115258.83877337,"·s²ø°Ï","·s¥_¥«·s²ø°Ï©¯ºÖ¸ô¢µ¢·¢¯¸¹¥|¼Ó¤§¤G",11878,4100,1600,2300,2900,650,4100,3,1
120185.741600656,"¤T­«°Ï","·s¥_¥«¤T­«°Ïªø¼Öµó¢°¢²¢´«Ñ¢´¸¹",11849,750,2400,2300,2300,600,2500,3,0
122939.49719127,"¤g«°°Ï","·s¥_¥«¤g«°°Ïª÷«°¸ô¤@¬q¢²¢¯¸¹¤E¼Ó",10288,450,2800,2300,500,450,1000,3,1
124936.687489448,"¤¤©M°Ï","·s¥_¥«¤¤©M°Ï¤¤¥¿¸ô¢¶¢°¢µ¸¹¤C¼Ó¤§¤C",7843,2200,2500,2300,2400,2800,2700,3,1
128029.888828139,"¤¤©M°Ï","·s¥_¥«¤¤©M°Ï´º¥­¸ô¢¶¢±¢µ¤§¢µ¸¹¤C¼Ó¤§¤@",12205,2600,550,2300,900,750,2500,3,1
129229.323308271,"¤¤©M°Ï","·s¥_¥«¤¤©M°Ï¤j´¼µó¢±¢²«Ñ¢±§Ë¢°¢±¸¹¤T¼Ó",15967,3600,2600,2300,2400,2400,3000,3,0
147273.257509478,"ªL¤f°Ï","·s¥_¥«ªL¤f°Ï¥Á±Ú¸ô¢±¢°¢´¸¹¤Q¼Ó",1123,1800,2400,2300,3000,3000,2800,3,1
164271.047227926,"¤¤©M°Ï","·s¥_¥«¤¤©M°ÏµØ·sµó¢°¢³¢²«Ñ¢´¢·¸¹",14862,3800,2800,2300,2600,2700,3100,3,0
166395.001358327,"·s©±°Ï","·s¥_¥«·s©±°Ï¤¤¥¡¤Tµó¢µ¢·¸¹¤»¼Ó",8669,2800,1900,2300,2200,6400,1600,3,1
180474.634077021,"¦Á¤î°Ï","·s¥_¥«¦Á¤î°Ï¤¯·R¸ô¢°¢´¢±«Ñ¢¶¢²¸¹¤Q¤C¼Ó",1162,650,400,2300,900,1200,1500,3,1
194798.206278027,"¤¤©M°Ï","·s¥_¥«¤¤©M°Ï¥ß·~¸ô¢µ¸¹¤»¼Ó",255,2900,650,2300,1300,900,2500,3,1
195536.054940862,"¤¤©M°Ï","·s¥_¥«¤¤©M°Ï¥ß·~¸ô¢²¢¯¸¹¤Q¤­¼Ó",180,2600,1500,2300,1900,1700,2400,3,1
195803.528850739,"¤¤©M°Ï","·s¥_¥«¤¤©M°Ï¥ß·~¸ô¢²¢¯¸¹¤Q¤C¼Ó",223,2600,1500,2300,1900,1700,2400,3,1
59682.3064915986,"Åaºq°Ï","·s¥_¥«Åaºq°Ï¦y¤s¸ô¢²¢µ¢¯¸¹¤G¼Ó",11077,2400,2400,2200,2400,1400,450,3,0
68216.0331200602,"¾ðªL°Ï","·s¥_¥«¾ðªL°Ï¤¤¤s¸ô¤G¬q¢·¢µ¤§¢±¸¹¤­¼Ó",10060,1400,1900,2200,2000,950,800,3,0
78438.1478921907,"²H¤ô°Ï","·s¥_¥«²H¤ô°Ï¥_·s¸ô¢°¢·¢±«Ñ¢´§Ë¢±¢¶¸¹¤G¼Ó",12203,2200,400,2200,2000,1200,5400,3,1
93247.3385655451,"²H¤ô°Ï","·s¥_¥«²H¤ô°Ï·s¬Kµó¢°¢³¢·¤§¢´¸¹¥|¼Ó",3031,2200,1400,2200,2000,1200,6400,3,1
101123.595505618,"¤T­«°Ï","·s¥_¥«¤T­«°Ï¨®¸ôÀYµó¢µ¢·¸¹¤­¼Ó",15099,1900,2300,2200,2400,1800,2000,3,0
102652.541676932,"¤­ªÑ°Ï","·s¥_¥«¤­ªÑ°ÏªÚ¬w¤@¸ô¢µ¢¶¸¹¥|¼Ó",2870,2200,1500,2200,1400,1300,1400,3,1
110765.972467349,"ªL¤f°Ï","·s¥_¥«ªL¤f°Ï«n¶Õ¤@µó¢³¢¶«Ñ¢°¢´¸¹¤­¼Ó",1024,1700,2000,2200,1300,4100,4000,3,1
117342.680687698,"¤­ªÑ°Ï","·s¥_¥«¤­ªÑ°ÏªÚ¬w¤@¸ô¢µ¢·¸¹¤Q¼Ó",407,2100,1400,2200,1300,1300,1100,3,1
118822.111245049,"¤¤©M°Ï","·s¥_¥«¤¤©M°Ï¿³«n¸ô¤G¬q¢±¢³¢±«Ñ¢°¢¸§Ë¢°¢°¸¹¤G¼Ó",14372,3700,3000,2200,2500,2600,3000,3,0
135986.092331466,"¥Ã©M°Ï","·s¥_¥«¥Ã©M°Ï±o©M¸ô¢²¢¶¢²«Ñ¢°¢µ§Ë¢°¢±¸¹¤G¼Ó",15554,650,1300,2200,1700,750,2500,3,0
143266.475644699,"¤T­«°Ï","·s¥_¥«¤T­«°Ï¦¨¥\¸ô¢°¢°¢¯¸¹¥|¼Ó¤§¤»",9319,3800,1700,2200,1600,3800,1800,3,1
154296.875,"¥Ã©M°Ï","·s¥_¥«¥Ã©M°Ï¥ÁÅv¸ô¢³¢¸«Ñ¢°¢°¸¹¥|¼Ó",17730,950,950,2200,2000,1500,2500,3,0
156880.322725235,"Äª¬w°Ï","·s¥_¥«Äª¬w°Ï¥ÁÅv¸ô¢µ¤§¢°¢¯¸¹¤Q¤@¼Ó",7536,1500,2000,2200,2200,1600,550,3,1
168723.486309294,"¥Ã©M°Ï","·s¥_¥«¥Ã©M°ÏÀôªe¦è¸ô¤G¬q¢±¢±¢¸«Ñ¢°¸¹¤Q¤K¼Ó¤§¤G",8471,4600,2400,2200,2700,2900,2500,3,1
173425.827107791,"¤T­«°Ï","·s¥_¥«¤T­«°Ï¤T¥Áµó¢±¢°¢²¸¹¤»¼Ó¤§¤@",5914,2200,1500,2200,1900,2100,1500,3,1
177657.017452189,"¤¤©M°Ï","·s¥_¥«¤¤©M°ÏµØ·sµó¢°¢³¢²«Ñ¢²¢¸¸¹",17771,3600,3000,2200,2500,2500,3000,4,0
179978.184462489,"¤¤©M°Ï","·s¥_¥«¤¤©M°Ï«n¤u¸ô¢°¢¯¢¶¸¹¥|¼Ó",205,2800,4000,2200,1300,1000,2400,3,1
180341.776754333,"¤¤©M°Ï","·s¥_¥«¤¤©M°Ï«n¤u¸ô¢°¢¯¢¶¸¹¤­¼Ó",204,2800,4000,2200,1300,1000,2400,3,1
188202.733091161,"¤¤©M°Ï","·s¥_¥«¤¤©M°Ï¥Ã­s¸ô¢±¢¶¢³¸¹¤G¼Ó¤§¢°",7062,3200,1700,2200,1700,1500,2800,3,1
211139.240506329,"·s²ø°Ï","·s¥_¥«·s²ø°Ï¤¤¥¿¸ô¢´¢´¢·¤§¢°¸¹",12177,1400,2600,2200,3900,3500,1800,2,0
69976.6744418527,"¤T®l°Ï","·s¥_¥«¤T®l°Ï¤¤¤s¸ô¢±¢¶¢¶«Ñ¢±¢²¸¹¤T¼Ó",11680,2700,1000,2100,2500,750,400,3,1
77363.8968481375,"²H¤ô°Ï","·s¥_¥«²H¤ô°Ï·s¬Kµó¢·¢´«Ñ¢°¢¶¤§¢´¸¹¤K¼Ó",2306,2700,1900,2100,1900,1700,7000,3,1
100760.28212879,"¥Ã©M°Ï","·s¥_¥«¥Ã©M°Ï¥ÁÅv¸ô¢·¢±¸¹¤»¼Ó¤§¤G",8519,1000,800,2100,1900,1300,2300,3,1
105297.79532741,"¤g«°°Ï","·s¥_¥«¤g«°°Ï©ú¼w¸ô¤@¬q¢±¢³¢¯«Ñ¢±¢µ§Ë¢°¢²¸¹¤­¼Ó",10372,2200,1300,2100,2400,2600,1700,3,1
107064.421669107,"¾ðªL°Ï","·s¥_¥«¾ðªL°Ï«O¦wµó¤@¬q¢¸¸¹¤C¼Ó¤§¢³",8280,350,110,2100,900,1300,1100,3,1
115152.096727761,"¤¤©M°Ï","·s¥_¥«¤¤©M°Ï¤¤¤s¸ô¤G¬q¢³¢¯¢´¸¹¥|¼Ó",8490,2000,1500,2100,1900,1800,2200,3,1
121090.994592053,"¤g«°°Ï","·s¥_¥«¤g«°°Ï©ú¼w¸ô¤@¬q¢±¢¸¢°«Ñ¢±¢³¸¹¤T¼Ó",4558,2200,1500,2100,2400,2600,1700,3,1
124078.73868831,"ªL¤f°Ï","·s¥_¥«ªL¤f°Ï«n¶Õ¤Gµó¢²¢µ¢µ¸¹¤G¼Ó¤§¤@",4984,1200,2200,2100,1100,4400,4300,3,1
124670.543446429,"¤¤©M°Ï","·s¥_¥«¤¤©M°Ï¾ô¦wµó¢°¢µ¸¹¤E¼Ó",4328,2400,1300,2100,1700,1500,2200,3,1
125474.848528805,"·s©±°Ï","·s¥_¥«·s©±°ÏÄ_¾ô¸ô¢±¢²¢´«Ñ¢°¢²¢°¸¹¤C¼Ó",8367,3700,1900,2100,2800,4300,2900,3,1
125556.138306138,"·s©±°Ï","·s¥_¥«·s©±°ÏÄ_¾ô¸ô¢±¢²¢´«Ñ¢°¢²¢°¸¹¤C¼Ó¤§¤T",8367,3700,1900,2100,2800,4300,2900,3,1
140112.089671737,"Äª¬w°Ï","·s¥_¥«Äª¬w°Ï¤T¥Á¸ô¢°¢±¢¯¤§¢±¸¹¤Q¤@¼Ó",6626,700,1200,2100,1800,650,750,3,1
147282.884713052,"·s²ø°Ï","·s¥_¥«·s²ø°Ï¦Ûªvµó¢³¢µ¸¹¥|¼Ó",16977,4700,1400,2100,2700,1200,4200,4,0
153471.989265347,"¤¤©M°Ï","·s¥_¥«¤¤©M°Ï²ø·q¸ô¢³¢¸«Ñ¢°¢´§Ë¢°¢±¸¹¤T¼Ó",16791,2400,600,2100,1200,850,2200,4,0
161456.680418915,"·s²ø°Ï","·s¥_¥«·s²ø°Ï¤¤¥­¸ô¢±¢¸¢±«Ñ¢°§Ë¢°¢·¸¹¤­¼Ó",297,3900,2000,2100,3800,500,3900,3,1
164220.547401825,"·s²ø°Ï","·s¥_¥«·s²ø°Ï¤¤¥­¸ô¢±¢¸¢±«Ñ¢°§Ë¢²¢¯¸¹¤C¼Ó",278,3900,2000,2100,3800,500,3900,3,1
167477.039438142,"¤T­«°Ï","·s¥_¥«¤T­«°Ï¦¨¥\¸ô¢°¢¯¢¯¸¹¤C¼Ó¤§¤@",2465,3700,3900,2100,1500,3700,1700,3,1
195704.394517451,"ªO¾ô°Ï","·s¥_¥«ªO¾ô°Ïº~¥Í¦è¸ô¢°¢´¢¶¸¹¤K¼Ó",6340,1500,1100,2100,6500,1700,700,3,1
196229.05027933,"·s©±°Ï","·s¥_¥«·s©±°Ï¤¤¿³¸ô¤@¬q¢±¢¯¢´¸¹¤G¼Ó",7890,1000,2900,2100,350,5700,2400,3,1
15811.3011923276,"¸U¨½°Ï","·s¥_¥«¸U¨½°Ï¥É¥Ð¢³¢²¤§¢°¢°¸¹",9995,1700,1900,2000,1700,1800,1800,3,1
71396.2946226841,"²H¤ô°Ï","·s¥_¥«²H¤ô°Ï¥_·s¸ô¢°¢·¢±«Ñ¢²¢²¸¹¤T¼Ó¤§¢µ",12264,2100,450,2000,1900,1100,5400,3,0
85275.3069175917,"¤T­«°Ï","·s¥_¥«¤T­«°Ï·s¥_¤j¹D¤@¬q¢°¢³¢´¸¹¤G¼Ó",9870,2600,750,2000,1200,2700,850,3,1
93977.4454131008,"ªL¤f°Ï","·s¥_¥«ªL¤f°Ï¥Á¦³µó¢²¢·¸¹¤»¼Ó¤§¤@",-795,1700,1100,2000,1300,2300,2700,3,1
94368.1111278877,"ªL¤f°Ï","·s¥_¥«ªL¤f°Ï¥Á¦³µó¢²¢·¸¹¤»¼Ó¤§¤­",-795,1700,1100,2000,1300,2300,2700,3,1
95425.03397252,"ªL¤f°Ï","·s¥_¥«ªL¤f°Ï¥Á¦³µó¢²¢·¸¹¤T¼Ó¤§¤­",-729,1700,1100,2000,1300,2300,2700,3,1
96179.9788615431,"ªL¤f°Ï","·s¥_¥«ªL¤f°Ï¥Á¦³µó¢²¢·¸¹¤­¼Ó¤§¤­",-787,1700,1100,2000,1300,2300,2700,3,1
96179.9788615431,"ªL¤f°Ï","·s¥_¥«ªL¤f°Ï¥Á¦³µó¢²¢·¸¹¥|¼Ó¤§¤­",-787,1700,1100,2000,1300,2300,2700,3,1
96216.9079420939,"ªL¤f°Ï","·s¥_¥«ªL¤f°Ï¥Á¦³µó¢²¢·¸¹¥|¼Ó¤§¤@",-536,1700,1100,2000,1300,2300,2700,3,1
96376.8695513077,"ªL¤f°Ï","·s¥_¥«ªL¤f°Ï¥Á¦³µó¢²¢·¸¹¤T¼Ó¤§¤@",-537,1700,1100,2000,1300,2300,2700,3,1
96516.963815542,"ªL¤f°Ï","·s¥_¥«ªL¤f°Ï¥Á¦³µó¢²¢·¸¹¤T¼Ó¤§¤G",-643,1700,1100,2000,1300,2300,2700,3,1
97416.6200111973,"ªL¤f°Ï","·s¥_¥«ªL¤f°Ï¥Á¦³µó¢²¢·¸¹¤C¼Ó¤§¤@",-755,1700,1100,2000,1300,2300,2700,3,1
97419.6945760927,"ªL¤f°Ï","·s¥_¥«ªL¤f°Ï¥Á¦³µó¢²¢·¸¹¥|¼Ó¤§¤G",-651,1700,1100,2000,1300,2300,2700,3,1
97818.3542802941,"ªL¤f°Ï","·s¥_¥«ªL¤f°Ï¥Á¦³µó¢²¢·¸¹¤T¼Ó¤§¤»",-690,1700,1100,2000,2700,2300,2700,3,1
98171.9702098849,"ªL¤f°Ï","·s¥_¥«ªL¤f°Ï¥Á¦³µó¢²¢·¸¹¤»¼Ó¤§¤G",-675,1700,1100,2000,1300,2300,2700,3,1
98322.4253366433,"ªL¤f°Ï","·s¥_¥«ªL¤f°Ï¥Á¦³µó¢²¢·¸¹¤C¼Ó¤§¤G",-771,1700,1100,2000,1300,2300,2700,3,1
98411.1927910837,"ªL¤f°Ï","·s¥_¥«ªL¤f°Ï¥Á¦³µó¢²¢·¸¹¤­¼Ó¤§¤»",-707,1700,1100,2000,1300,2300,2700,3,1
98411.1927910837,"ªL¤f°Ï","·s¥_¥«ªL¤f°Ï¥Á¦³µó¢²¢·¸¹¤»¼Ó¤§¤»",-742,1700,1100,2000,1300,2300,2700,3,1
99088.2024562709,"ªL¤f°Ï","·s¥_¥«ªL¤f°Ï«n¶Õ¤Gµó¢²¢´¢·¸¹¤T¼Ó",4997,1200,2200,2000,1000,4300,4300,3,1
99094.2169234342,"²H¤ô°Ï","·s¥_¥«²H¤ô°Ï¾H¤½¸ô¢±«Ñ¢¶¸¹¤C¼Ó",8046,350,2000,2000,1900,1300,4000,3,1
99176.197712549,"ªL¤f°Ï","·s¥_¥«ªL¤f°Ï¥Á¦³µó¢²¢·¸¹¤Q¥|¼Ó¤§¤@",-674,1700,1100,2000,1300,2300,2700,3,1
99176.197712549,"ªL¤f°Ï","·s¥_¥«ªL¤f°Ï¥Á¦³µó¢²¢·¸¹¤Q¤­¼Ó¤§¤@",-674,1700,1100,2000,1300,2300,2700,3,1
99225.156097194,"ªL¤f°Ï","·s¥_¥«ªL¤f°Ï¥Á¦³µó¢²¢·¸¹¤Q¤­¼Ó¤§¤G",-674,1700,1100,2000,2700,2300,2700,3,1
99241.1667061892,"ªL¤f°Ï","·s¥_¥«ªL¤f°Ï¥Á¦³µó¢²¢·¸¹¥|¼Ó¤§¤»",-692,1700,1100,2000,2700,2300,2700,3,1
99676.5214774694,"ªL¤f°Ï","·s¥_¥«ªL¤f°Ï¥Á¦³µó¢²¢·¸¹¤Q¤G¼Ó¤§¤G",-804,1700,1100,2000,1300,2300,2700,3,1
99834.0052169789,"ªL¤f°Ï","·s¥_¥«ªL¤f°Ï¥Á¦³µó¢²¢·¸¹¤G¼Ó¤§¤»",-794,1700,1100,2000,1300,2300,2700,3,1
100407.670240072,"ªL¤f°Ï","·s¥_¥«ªL¤f°Ï¥Á¦³µó¢²¢·¸¹¤G¼Ó¤§¤­",-699,1700,1100,2000,1300,2300,2700,3,1
100428.797111262,"ªL¤f°Ï","·s¥_¥«ªL¤f°Ï¥Á¦³µó¢²¢·¸¹¤K¼Ó¤§¤G",-758,1700,1100,2000,1300,2300,2700,3,1
100615.852195473,"ªL¤f°Ï","·s¥_¥«ªL¤f°Ï¥Á¦³µó¢²¢·¸¹¤Q¤T¼Ó¤§¤@",-617,1700,1100,2000,1300,2300,2700,3,1
100804.934928158,"ªL¤f°Ï","·s¥_¥«ªL¤f°Ï¥Á¦³µó¢²¢·¸¹¤E¼Ó¤§¤G",-796,1700,1100,2000,1300,2300,2700,3,1
100901.1145364,"ªL¤f°Ï","·s¥_¥«ªL¤f°Ï¥Á¦³µó¢²¢·¸¹¤Q¼Ó¤§¤»",-776,1700,1100,2000,1300,2300,2700,3,1
100921.712752304,"²H¤ô°Ï","·s¥_¥«²H¤ô°Ï¾H¤½¸ô¢±«Ñ¢²¸¹¤K¼Ó",8038,400,400,2000,1900,1300,4000,3,1
101095.737023114,"ªL¤f°Ï","·s¥_¥«ªL¤f°Ï¥Á¦³µó¢²¢·¸¹¤Q¤@¼Ó¤§¤@",-677,1700,1100,2000,1300,2300,2700,3,1
101138.249940716,"ªL¤f°Ï","·s¥_¥«ªL¤f°Ï¥Á¦³µó¢²¢·¸¹¤Q¤@¼Ó¤§¤»",-776,1700,1100,2000,1300,2300,2700,3,1
101175.717827721,"ªL¤f°Ï","·s¥_¥«ªL¤f°Ï¥Á¦³µó¢²¢·¸¹¤G¼Ó¤§¤@",-460,1700,1100,2000,1300,2300,2700,3,1
101181.072745054,"ªL¤f°Ï","·s¥_¥«ªL¤f°Ï¥Á¦³µó¢²¢·¸¹¤Q¥|¼Ó¤§¤G",-643,1700,1100,2000,1300,2300,2700,3,1
101181.072745054,"ªL¤f°Ï","·s¥_¥«ªL¤f°Ï¥Á¦³µó¢²¢·¸¹¤Q¤@¼Ó¤§¤G",-677,1700,1100,2000,1300,2300,2700,3,1
101575.621850756,"ªL¤f°Ï","·s¥_¥«ªL¤f°Ï¥Á¦³µó¢²¢·¸¹¤K¼Ó¤§¤@",-740,1700,1100,2000,1300,2300,2700,3,1
101933.348378846,"ªL¤f°Ï","·s¥_¥«ªL¤f°Ï¥Á¦³µó¢²¢·¸¹¤Q¼Ó¤§¤G",-713,1700,1100,2000,1300,2300,2700,3,1
101975.52587379,"ªL¤f°Ï","·s¥_¥«ªL¤f°Ï¥Á¦³µó¢²¢·¸¹¤E¼Ó¤§¤@",-700,1700,1100,2000,1300,2300,2700,3,1
102323.926962295,"ªL¤f°Ï","·s¥_¥«ªL¤f°Ï¥Á¦³µó¢²¢·¸¹¤Q¤G¼Ó¤§¤»",-750,1700,1100,2000,1300,2300,2700,3,1
102323.926962295,"ªL¤f°Ï","·s¥_¥«ªL¤f°Ï¥Á¦³µó¢²¢·¸¹¤K¼Ó¤§¤»",-776,1700,1100,2000,1300,2300,2700,3,1
102375.429896825,"ªL¤f°Ï","·s¥_¥«ªL¤f°Ï¥Á¦³µó¢²¢·¸¹¤Q¤G¼Ó¤§¤@",-614,1700,1100,2000,1300,2300,2700,3,1
102615.372310645,"ªL¤f°Ï","·s¥_¥«ªL¤f°Ï¥Á¦³µó¢²¢·¸¹¤Q¼Ó¤§¤@",-691,1700,1100,2000,1300,2300,2700,3,1
103153.900877401,"ªL¤f°Ï","·s¥_¥«ªL¤f°Ï¥Á¦³µó¢²¢·¸¹¤Q¤T¼Ó¤§¤»",-737,1700,1100,2000,1300,2300,2700,3,1
103746.739388191,"ªL¤f°Ï","·s¥_¥«ªL¤f°Ï¥Á¦³µó¢²¢·¸¹¤Q¤­¼Ó¤§¤»",-666,1700,1100,2000,1300,2300,2700,3,1
103746.739388191,"ªL¤f°Ï","·s¥_¥«ªL¤f°Ï¥Á¦³µó¢²¢·¸¹¤Q¥|¼Ó¤§¤»",-679,1700,1100,2000,2700,2300,2700,3,1
113340.958718935,"·s²ø°Ï","·s¥_¥«·s²ø°Ï¦Û¥ßµó¢°¢¸¢·¸¹¥|¼Ó",13711,4000,1200,2000,1700,1600,4000,3,0
121990.36918138,"¤g«°°Ï","·s¥_¥«¤g«°°Ï©ú¼w¸ô¤@¬q¢±¢³¢¯«Ñ¢°¸¹¤G¼Ó¤§¢±",10148,2100,1200,2000,2300,2600,1600,3,1
123001.2300123,"·s²ø°Ï","·s¥_¥«·s²ø°Ï©¯ºÖ¸ô¢¶¢µ¢µ¸¹¤­¼Ó",10342,3800,1600,2000,3200,350,3800,3,1
123909.2495637,"¤T®l°Ï","·s¥_¥«¤T®l°Ï¤j´¼¸ô¢°¢¸¸¹¤E¼Ó",6054,2500,1100,2000,2300,850,350,3,1
125159.517031511,"¥Ã©M°Ï","·s¥_¥«¥Ã©M°Ï¦¨¥\¸ô¤@¬q¢³¢¶«Ñ¢±¸¹¥|¼Ó",15738,850,2200,2000,1300,600,1800,3,0
132999.530589892,"¤T­«°Ï","·s¥_¥«¤T­«°Ï¤¤µØ¸ô¢°¢°¢°«Ñ¢³¸¹¤T¼Ó",18360,2300,1000,2000,950,2100,850,4,0
136546.184738956,"ªL¤f°Ï","·s¥_¥«ªL¤f°Ï¥Á¦³µó¢¸¢±¸¹¤»¼Ó",1663,1800,1100,2000,1400,2300,2400,3,1
137356.91987513,"¤T­«°Ï","·s¥_¥«¤T­«°Ï¤T©M¸ô¥|¬q¢°¢´¢µ¸¹¤Q¤G¼Ó",8579,1300,2800,2000,2800,1200,2400,3,1
142242.452259877,"Äª¬w°Ï","·s¥_¥«Äª¬w°Ï¤T¥Á¸ô¢·¢³¸¹¤»¼Ó",5745,1300,1700,2000,1900,1300,270,3,1
159907.183212268,"ªL¤f°Ï","·s¥_¥«ªL¤f°Ï¥Á¦³µó¢²¢µ¸¹",-650,1700,1100,2000,1300,2300,2700,3,1
161467.706458708,"ªL¤f°Ï","·s¥_¥«ªL¤f°Ï¥Á¦³µó¢³¢¯¸¹",-749,1700,1100,2000,1300,2300,2700,3,1
161808.60403863,"ªL¤f°Ï","·s¥_¥«ªL¤f°Ï¥Á¦³µó¢³¢±¸¹",-759,1700,1100,2000,1300,2300,2700,3,1
163740.920096852,"ªL¤f°Ï","·s¥_¥«ªL¤f°Ï¥Á¦³µó¢²¢·¸¹",-756,1700,1100,2000,1300,2300,2700,3,1
170289.855072464,"¥Ã©M°Ï","·s¥_¥«¥Ã©M°Ï±o©M¸ô¢±¢¸¢²¸¹¤G¼Ó",16288,750,950,2000,1500,850,2000,3,0
174497.148003603,"·s©±°Ï","·s¥_¥«·s©±°Ï¤¤¥¡¸ô¢°¢µ¢´¸¹¤»¼Ó¤§¢±",3558,2300,1600,2000,1700,3000,1200,1,1
187288.422477996,"ªO¾ô°Ï","·s¥_¥«ªO¾ô°Ïº~¥Í¦è¸ô¢°¢µ¢¸¤§¢°¸¹¤Q¤G¼Ó",689,1600,950,2000,2700,1800,650,3,1
200379.728348182,"ªO¾ô°Ï","·s¥_¥«ªO¾ô°Ïº~¥Í¦è¸ô¢°¢¶¢°¤§¢°¸¹¤Q¥|¼Ó",710,1600,1400,2000,2700,1800,650,3,1
261036.81993039,"¤g«°°Ï","·s¥_¥«¤g«°°Ï¼s¿³µó¢²¢³¸¹",13459,3100,2100,2000,3400,3600,2600,3,0
33559.1133004926,"¤TªÛ°Ï","·s¥_¥«¤TªÛ°Ï¼Ö¥þµó¢´¢µ¸¹¤Q¤@¼Ó",9569,2600,1900,1900,2000,1800,11300,3,1
37575.7575757576,"¤TªÛ°Ï","·s¥_¥«¤TªÛ°Ï¼Ö¥þµó¢¸¢±¸¹¤Q¤G¼Ó",9594,2600,1900,1900,1800,1800,11300,3,1
46163.8491547464,"²H¤ô°Ï","·s¥_¥«²H¤ô°Ï¤¤¥¿¸ô¤@¬q¢µ¢±«Ñ¢³¸¹¥|¼Ó",16093,4600,3000,1900,2300,1800,6300,3,0
56504.9614112459,"²H¤ô°Ï","·s¥_¥«²H¤ô°Ï¤¤¤s¥_¸ô¤@¬q¢±¢°¢±«Ñ¢°¢µ¸¹¤Q¥|¼Ó",9908,1900,2400,1900,1700,1000,6000,3,1
69170.6439786954,"¤¤©M°Ï","·s¥_¥«¤¤©M°Ï¾ô¦wµó¢²¸¹¤»¼Ó",8539,2200,2200,1900,1600,1400,2100,3,1
84351.3670738802,"²H¤ô°Ï","·s¥_¥«²H¤ô°Ï¤j©¾µó¢°¢°¢¶¸¹¤­¼Ó¤§¢·",10259,1900,700,1900,1800,1000,6000,3,1
100174.616303649,"·s©±°Ï","·s¥_¥«·s©±°ÏÄ_°ª¸ô¢°¢±¢¯«Ñ¢µ§Ë¢²¸¹¥|¼Ó",13926,3200,2500,1900,2300,9600,2700,3,1
111436.613246022,"¤T®l°Ï","·s¥_¥«¤T®l°Ï¤j¦P¸ô¢±¢±¢¸¸¹¤Q¤G¼Ó",2648,2300,1400,1900,1600,1500,2100,3,1
115120.611884683,"¦Á¤î°Ï","·s¥_¥«¦Á¤î°Ï«Ø¦¨¸ô¢´¢¸«Ñ¢¶¢°¸¹¤Q¤»¼Ó",8686,650,850,1900,850,1700,54,3,1
119581.464872945,"¤T­«°Ï","·s¥_¥«¤T­«°Ï¤¯¿³µó¢°¢°«Ñ¢³¢²¸¹",20728,900,3700,1900,2700,800,3200,4,0
121900.826446281,"¦Á¤î°Ï","·s¥_¥«¦Á¤î°Ï«Ø¦¨¸ô¢°¢µ¢¯«Ñ¢´¢²¸¹¢·¼Ó",9397,750,950,1900,1000,1700,170,3,1
136679.920477137,"¥Ã©M°Ï","·s¥_¥«¥Ã©M°Ï¦¨¥\¸ô¤@¬q¢°¢µ«Ñ¢¶¸¹¤T¼Ó",16359,1000,2100,1900,1000,450,1700,4,0
147925.285194935,"¤g«°°Ï","·s¥_¥«¤g«°°Ï¼s©úµó¢³¢°«Ñ¢³¢¯¸¹¤K¼Ó",9660,3400,2000,1900,3600,3900,2900,3,1
151533.018867925,"ªO¾ô°Ï","·s¥_¥«ªO¾ô°Ï¤¶¹Øµó¢µ¢¯¸¹¤G¼Ó",17964,1200,2100,1900,2400,1700,1600,3,0
209677.419354839,"·s²ø°Ï","·s¥_¥«·s²ø°Ï¦Û±jµó¢³¢¶¤§¢·¸¹",17006,4000,1200,1900,2100,1400,4000,4,0
24929.2548174101,"²H¤ô°Ï","·s¥_¥«²H¤ô°Ï¤ô¸P¢³¢µ¸¹",10259,1900,2300,1800,1600,750,6000,3,1
49170.9548313322,"¤TªÛ°Ï","·s¥_¥«¤TªÛ°ÏÅ¥ÀÜµó¢µ¸¹",14600,1900,2200,1800,1800,1800,11500,4,0
64123.5359549827,"Åaºq°Ï","·s¥_¥«Åaºq°ÏÅa®ç¸ô¢°¢±¢¸«Ñ¢°¢±§Ë¢¶¸¹¤»¼Ó¤§¤@",10121,2300,500,1800,2000,1200,2300,3,1
70771.4083510262,"²H¤ô°Ï","·s¥_¥«²H¤ô°Ï¤j©¾µó¢·¢´¸¹¤Q¥|¼Ó¤§¢°¢°",11692,1800,700,1800,1600,850,5900,3,1
82513.4877816566,"²H¤ô°Ï","·s¥_¥«²H¤ô°Ï¤j©¾µó¢·¢´¸¹¤Q¥|¼Ó¤§¢³",11653,1800,700,1800,1600,850,5900,3,1
83628.9913836797,"²H¤ô°Ï","·s¥_¥«²H¤ô°Ï¤¤¤s¥_¸ô¤T¬q¢´¢¶¸¹",3274,3100,2900,1800,2900,2100,6800,3,1
90271.8776550552,"·s²ø°Ï","·s¥_¥«·s²ø°Ï¤¤©Mµó¢·¢²¸¹¤G¼Ó",8116,4000,1500,1800,3000,500,4000,3,1
97896.0927436668,"ªL¤f°Ï","·s¥_¥«ªL¤f°Ï·½¬uµó¢³¢¯¸¹¤C¼Ó",5279,850,2500,1800,850,4700,2600,3,1
100896.860986547,"¤T®l°Ï","·s¥_¥«¤T®l°Ï¤j¦P¸ô¢±¢¯¢µ¤§¢°¸¹¤Q¤G¼Ó",3530,2200,1100,1800,1500,1400,2000,3,1
102077.57896001,"¤T®l°Ï","·s¥_¥«¤T®l°Ï¾Ç©²¸ô¢°¢±¢·¸¹¤G¼Ó",4848,1400,2500,1800,2500,2500,3000,3,1
102089.268755935,"¦Á¤î°Ï","·s¥_¥«¦Á¤î°Ï©M¥­µó¢µ«Ñ¢²§Ë¢°¢±¸¹¢±¼Ó",15570,450,650,1800,650,1100,600,3,1
102305.815692138,"¤¤©M°Ï","·s¥_¥«¤¤©M°Ï«O°·¸ô¢²¢²«Ñ¢°¢´¸¹",11200,3100,1400,1800,1300,1100,2500,3,0
103771.479580451,"Äª¬w°Ï","·s¥_¥«Äª¬w°Ï°ê¹D¸ô¤G¬q¢°¢¯¢µ¸¹¤Q¤@¼Ó",5535,3000,2500,1800,1900,1800,1500,3,1
107569.721115538,"¤T®l°Ï","·s¥_¥«¤T®l°Ï¥°¶éµó¢±¢·¸¹¤T¼Ó¤§¤@",2194,2300,1300,1800,2100,1400,2000,3,1
117720.41401671,"¤¤©M°Ï","·s¥_¥«¤¤©M°Ï´º·sµó¢³¢¸¢µ«Ñ¢°¢¶¸¹¤G¼Ó",9383,3200,2600,1800,2200,2200,2500,3,1
125016.894174889,"¥Ã©M°Ï","·s¥_¥«¥Ã©M°Ï¨q®Ô¸ô¤G¬q¢¸¢³¸¹¤E¼Ó",9216,950,1200,1800,1300,600,1800,3,1
130909.090909091,"¤¤©M°Ï","·s¥_¥«¤¤©M°Ï´º·sµó¢³¢±¢²«Ñ¢²¢´§Ë¢°¢²¸¹¤T¼Ó",18067,3100,2200,1800,1900,1900,2500,4,0
140277.4943889,"¦Á¤î°Ï","·s¥_¥«¦Á¤î°Ï«Ø¦¨¸ô¢°¢¶¢·«Ñ¢±¸¹¤Q¼Ó",9386,700,2000,1800,900,1700,44,3,1
144316.013915385,"·s©±°Ï","·s¥_¥«·s©±°Ï¤T¥Á¸ô¢´¢°«Ñ¢±¢³¸¹¤T¼Ó",16746,1900,2000,1800,1000,2500,1200,3,0
144725.557461407,"¾ðªL°Ï","·s¥_¥«¾ðªL°Ï´_¿³¸ô¢²¢¯¢·«Ñ¢±§Ë¢°¢°¸¹",15643,1500,1600,1800,1600,500,500,3,0
145929.339477727,"¤¤©M°Ï","·s¥_¥«¤¤©M°Ï´º¥­¸ô¢°¢·¢±¸¹¤Q¤@¼Ó¤§¤­",9038,3100,2100,1800,1900,2000,2500,1,1
147770.016120365,"¤T­«°Ï","·s¥_¥«¤T­«°Ï¤T©M¸ô¥|¬q¢±¢¯«Ñ¢±¢³¸¹¥|¼Ó",8670,850,1600,1800,2600,1000,2200,3,1
157704.438802985,"¤¤©M°Ï","·s¥_¥«¤¤©M°Ï¤¤¤s¸ô¤G¬q¢²¢°¢±«Ñ¢²¢²§Ë¢°¢°¸¹",12370,2100,750,1800,1500,1000,2000,3,0
159783.344617468,"¤¤©M°Ï","·s¥_¥«¤¤©M°Ï´º¥­¸ô¢°¢·¢±¸¹¤T¤Q¤­¼Ó¤§¤@",9044,3000,2100,1800,1800,1900,2400,1,1
160664.819944598,"¤¤©M°Ï","·s¥_¥«¤¤©M°ÏºÖ²»¸ô¢¸¸¹¤Q¤K¼Ó¤§¤G¤Q¤­",8661,2100,230,1800,850,450,1800,3,1
162563.86437529,"¤¤©M°Ï","·s¥_¥«¤¤©M°ÏºÖ²»¸ô¢¸¸¹¤Q¥|¼Ó¤§¤Q¤T",8675,2100,230,1800,850,450,1800,3,1
163170.163170163,"¥Ã©M°Ï","·s¥_¥«¥Ã©M°Ï¥Áªvµó¢¸¢¶«Ñ¢²¸¹¤T¼Ó",19029,1300,450,1800,1600,1500,2100,4,0
35699.1075223119,"¸U¨½°Ï","·s¥_¥«¸U¨½°Ï»B»A¸ô¢°¢·¸¹",9318,1700,1800,1700,1700,1800,1800,3,1
96832.7617510591,"¤¤©M°Ï","·s¥_¥«¤¤©M°Ï¿³«n¸ô¤G¬q¢²¢³«Ñ¢´¢´§Ë¢°¢´¸¹¤T¼Ó",12163,3200,2500,1700,2000,2100,2500,3,1
96899.2248062016,"¤¤©M°Ï","·s¥_¥«¤¤©M°ÏµØ·sµó¢¶¢²¸¹¥|¼Ó",16061,3100,2500,1700,1900,2000,2400,3,0
103980.253008331,"¤­ªÑ°Ï","·s¥_¥«¤­ªÑ°Ï·s«°¤K¸ô¢µ¢·¸¹¤C¼Ó",3214,3500,1900,1700,2700,1700,2700,3,1
117169.192313701,"¦Á¤î°Ï","·s¥_¥«¦Á¤î°Ï©Û°Óµó¢°¢°«Ñ¢¸¸¹¢µ¼Ó",10475,550,550,1700,850,1500,950,3,1
117414.991546121,"ªL¤f°Ï","·s¥_¥«ªL¤f°Ï·½¬uµó¢²¢µ¸¹¥|¼Ó",5265,850,2500,1700,850,4600,4500,3,1
122164.289907116,"ªL¤f°Ï","·s¥_¥«ªL¤f°Ï¥Á´Iµó¢°¢¸¢·¸¹¤C¼Ó",2816,1500,1300,1700,2800,2800,2300,3,1
123356.926188069,"Äª¬w°Ï","·s¥_¥«Äª¬w°Ï¤¤¤s¤G¸ô¢°¢³¢µ«Ñ¢²§Ë¢·¸¹¥|¼Ó",17919,1600,1600,1700,1600,900,650,4,0
125306.456006538,"¦Á¤î°Ï","·s¥_¥«¦Á¤î°Ï«Ø¦¨¸ô¢°¢µ¢¯«Ñ¢°¢¯¸¹¢¸¼Ó",9246,650,1900,1700,850,1600,38,3,1
131578.947368421,"¥Ã©M°Ï","·s¥_¥«¥Ã©M°Ï¥Á±Úµó¢²¢²¤§¢²¸¹",15390,1200,650,1700,1500,1400,2000,3,0
136131.593874078,"·s©±°Ï","·s¥_¥«·s©±°ÏÄ_¿³¸ô¢µ¢µ«Ñ¢´¸¹",15956,2600,2300,1700,1700,9100,2500,3,0
158176.662115324,"·s²ø°Ï","·s¥_¥«·s²ø°Ï©ú¤¤µó¢³¢¸«Ñ¢±¢µ¸¹¤T¼Ó",3691,3500,900,1700,1100,2200,3500,3,1
66555.6413367156,"¤T®l°Ï","·s¥_¥«¤T®l°Ï¤j¼w¸ô¢±¢´¢¯¸¹¤Q¤@¼Ó",3940,1300,2100,1600,2300,2100,2800,3,1
71076.2982303452,"²H¤ô°Ï","·s¥_¥«²H¤ô°Ï·s¥Áµó¢°¢¶¢·«Ñ¢³¢±§Ë¢·¸¹¤T¼Ó¤§¢°",12045,2000,2100,1600,1500,1000,5800,3,1
74729.5208655332,"¤T®l°Ï","·s¥_¥«¤T®l°Ï¤j¦P¸ô¢¸¢·¤§¢¶¸¹¤­¼Ó¤§¤T",9678,1900,270,1600,450,2100,2700,3,1
84416.3056758858,"¾ðªL°Ï","·s¥_¥«¾ðªL°Ï´_¿³¸ô¢±¢´¢±¸¹¤­¼Ó",14442,850,1300,1600,1400,160,300,3,0
97250.65808716,"¦Á¤î°Ï","·s¥_¥«¦Á¤î°Ï¶mªø¸ô¤@¬q¢´¢´«Ñ¢¶¸¹¤»¼Ó¤§¢°",5077,1000,1800,1600,1200,1600,850,3,1
131483.843537415,"·s²ø°Ï","·s¥_¥«·s²ø°Ï¤¤Àô¸ô¤@¬q¢µ¸¹¤»¼Ó",292,1100,2100,1600,3600,2900,2100,3,1
135956.493921945,"·s©±°Ï","·s¥_¥«·s©±°Ï¤T¥Á¸ô¢°¢°¢¶«Ñ¢·§Ë¢±¢¯¸¹¤T¼Ó",17421,2200,1700,1600,1300,6900,900,3,0
142093.599269978,"¤¤©M°Ï","·s¥_¥«¤¤©M°Ï¶ê³q¸ô¢±¢¸¢µ«Ñ¢°¢¶¸¹¤Q¤­¼Ó",2431,450,2400,1600,1900,1900,850,3,1
155674.281503316,"¤¤©M°Ï","·s¥_¥«¤¤©M°Ï´º¥­¸ô¢±¢µ¢·¸¹¤C¼Ó¤§¤Q¤@",8113,2900,1900,1600,1700,1800,2300,2,1
159151.193633952,"¤g«°°Ï","·s¥_¥«¤g«°°Ï²M¤ô¸ô¢°¢°¢¶¸¹¢²¼Ó",3136,1800,850,1600,2000,2200,1300,3,1
162419.120559884,"¤T­«°Ï","·s¥_¥«¤T­«°Ï¤¤¥¿«n¸ô¢±¢²¢´¸¹¤Q¤E¼Ó¤§¤­",3175,3200,1800,1600,850,3300,1500,3,1
192558.192218384,"¤¤©M°Ï","·s¥_¥«¤¤©M°Ï©y¦w¸ô¢°¢µ¢·«Ñ¢²¢°¸¹¤»¼Ó",2875,2800,1100,1600,1100,850,2200,3,1
208557.477447654,"¤¤©M°Ï","·s¥_¥«¤¤©M°Ï©y¦w¸ô¢°¢µ¢·«Ñ¢°¢²¸¹¤Q¤G¼Ó",2848,2600,1100,1600,1100,850,2200,3,1
211696.119511751,"¥Ã©M°Ï","·s¥_¥«¥Ã©M°Ï¤¯·R¸ô¢²¢¯¢µ«Ñ¢±¸¹¤Q¤T¼Ó¤§¢±",153,4800,2000,1600,2400,2600,1900,1,1
220369.420215495,"·s©±°Ï","·s¥_¥«·s©±°Ï¤¤¥¡¸ô¢´¢·¸¹¤E¼Ó",203,2900,1000,1600,1800,3600,750,3,1
43977.0554493308,"Åaºq°Ï","·s¥_¥«Åaºq°Ï¦y¤s¸ô¢±¢³¢¯«Ñ¢±¢°§Ë¢±¢´¸¹¤­¼Ó",10035,1900,2800,1500,2000,1200,850,3,0
58180.3591132511,"¤¤©M°Ï","·s¥_¥«¤¤©M°Ï´º·sµó¢³¢°¢¯«Ñ¢¶¤§¢´¸¹¤T¼Ó",13723,3000,2000,1500,1800,1700,2200,3,0
83172.8917982287,"¾ðªL°Ï","·s¥_¥«¾ðªL°Ï«O¦wµó¤@¬q¢°¢³«Ñ¢³¢¶¸¹¥|¼Ó",12223,750,350,1500,1300,1700,1700,3,0
85091.8992511913,"®õ¤s°Ï","·s¥_¥«®õ¤s°Ï¤¤µØµó¢°¢³«Ñ¢¶¸¹¥|¼Ó",15633,1800,3000,1500,1400,1400,2300,3,0
98660.2970194205,"¤¤©M°Ï","·s¥_¥«¤¤©M°Ï¶ê³q¸ô¢±¢¸¢³«Ñ¢´§Ë¢°¸¹¥|¼Ó",14308,350,2300,1500,1800,1800,750,3,0
118773.946360153,"·s²ø°Ï","·s¥_¥«·s²ø°Ï¤¤´ä¸ô¢°¢²¢±«Ñ¢°¢³¸¹¤T¼Ó",17792,3500,700,1500,1200,1900,3500,4,0
122727.272727273,"·s²ø°Ï","·s¥_¥«·s²ø°Ï¥Ã¼Öµó¢°¢µ¢µ¸¹",17878,3500,900,1500,2600,1800,3500,4,0
131740.196078431,"¤¤©M°Ï","·s¥_¥«¤¤©M°Ï¤¤¤s¸ô¤G¬q¢²¢¯¢´¸¹¤­¼Ó¤§¤Q¤­",5323,2000,550,1500,1000,800,1600,3,1
158455.063134439,"¤¤©M°Ï","·s¥_¥«¤¤©M°Ï´º¥­¸ô¢±¢µ¢¯¸¹¤G¤Q¤T¼Ó¤§¤@",8094,2800,1500,1500,1600,1700,2200,2,1
165626.026947092,"¤¤©M°Ï","·s¥_¥«¤¤©M°Ï´º·sµó¢²¢²¢¶¤§¢¶¸¹¤E¼Ó",-102,2700,1700,1500,1500,1500,2100,2,1
169151.376146789,"·s©±°Ï","·s¥_¥«·s©±°Ï¤¤¿³¸ô¤G¬q¢²¢°«Ñ¢°¢±¸¹¤»¼Ó",1345,1600,2200,1500,750,8900,1700,3,1
190594.572198053,"¤¤©M°Ï","·s¥_¥«¤¤©M°Ï¤¤¤s¸ô¤G¬q¢²¢¯¢°¸¹¤E¼Ó¤§¤Q¤»",5327,1900,550,1500,950,750,1600,3,1
191717.118539967,"¤¤©M°Ï","·s¥_¥«¤¤©M°Ï´º·sµó¢²¢²¢´¸¹¤E¼Ó",141,2700,1700,1500,1500,1500,2100,2,1
195652.173913043,"¥Ã©M°Ï","·s¥_¥«¥Ã©M°Ï¦Û¥Ñµó¢°¸¹¤@¼Ó",16863,2400,900,1500,800,1000,850,4,0
218596.059113301,"¤¤©M°Ï","·s¥_¥«¤¤©M°Ï´º·sµó¢²¢²¢¶¤§¢±¸¹¤G¤Q¤C¼Ó",160,2700,1700,1500,1500,1500,2100,2,1
25638.2865078517,"·çªÚ°Ï","·s¥_¥«·çªÚ°Ï³{¥Ò¸ô¢²¢³¢²¸¹¤§¢°¢°¥|¼Ó",9903,1000,3400,1400,1500,2100,850,3,0
70288.9657480754,"®õ¤s°Ï","·s¥_¥«®õ¤s°Ï¾¤©ú¸ô¢´¸¹¤T¼Ó",12786,1700,300,1400,1300,3400,4500,3,0
73613.2711249352,"¤T®l°Ï","·s¥_¥«¤T®l°Ï¥Ã¦wµó¢¸«Ñ¢´¢³¸¹¤­¼Ó",11010,1900,300,1400,230,2300,3100,3,0
86257.1395267514,"®õ¤s°Ï","·s¥_¥«®õ¤s°Ï¤¤µØµó¢°¢¯«Ñ¢³¸¹¤G¼Ó",15446,1600,2200,1400,1300,900,2200,3,0
87319.2834562698,"¤T®l°Ï","·s¥_¥«¤T®l°Ï¤j¤¯¸ô¢µ¸¹¤G¼Ó¤§¢°",9682,2000,500,1400,1700,300,550,3,0
94156.5852545081,"·s²ø°Ï","·s¥_¥«·s²ø°Ï·s®õ¸ô¢³¢¶¢µ«Ñ¢·¸¹¤­¼Ó¡@",11443,3600,1200,1400,3600,500,3600,3,1
112923.462986198,"¤­ªÑ°Ï","·s¥_¥«¤­ªÑ°Ï·s¤­¸ô¤T¬q¢°¢´¢´¸¹¤Q¤C¼Ó",1681,2800,2100,1400,1700,1600,1700,3,1
113620.992831056,"¤T­«°Ï","·s¥_¥«¤T­«°Ï¤»±iµó¢°¢±¢±¸¹¤G¼Ó",18931,550,1400,1400,1800,550,1400,4,0
118210.862619808,"¤­ªÑ°Ï","·s¥_¥«¤­ªÑ°Ï·s«°¤K¸ô¢±¢³¢¶¸¹¤Q¤­¼Ó",185,2500,1900,1400,1700,1700,1700,3,1
123985.572587917,"¤­ªÑ°Ï","·s¥_¥«¤­ªÑ°Ï·s«°¤»¸ô¢°¢·¢°¸¹¤Q¤@¼Ó",446,2400,2000,1400,1600,1500,1600,3,1
140907.742509641,"ªO¾ô°Ï","·s¥_¥«ªO¾ô°ÏµØ¦¿¤T¸ô¢²¢°¢¯¸¹¤Q¤»¼Ó",-1056,3800,3500,1400,5000,3400,2900,3,1
141057.487579844,"ªO¾ô°Ï","·s¥_¥«ªO¾ô°ÏµØ¦¿¤T¸ô¢²¢¯¢¯¸¹¤Q¥|¼Ó",-1040,3800,3500,1400,5000,3400,2900,3,1
161824.429865667,"ªO¾ô°Ï","·s¥_¥«ªO¾ô°Ï¥Á¥Í¸ô¤G¬q¢°¢³¤§¢²¸¹¤G¤Q¤@¼Ó",9142,2400,1800,1400,2700,3400,2100,3,1
170043.415340087,"¤¤©M°Ï","·s¥_¥«¤¤©M°Ï«O°·¸ô¢°¢¯«Ñ¢²§Ë¢¶¸¹",18394,2600,1200,1400,900,900,2000,4,0
170385.395537525,"¤¤©M°Ï","·s¥_¥«¤¤©M°Ï´º¥­¸ô¢µ¢¯¢°¸¹¤K¼Ó¤§¤@",6850,1700,450,1400,650,650,1600,3,1
178902.409541462,"¤¤©M°Ï","·s¥_¥«¤¤©M°Ï´º¦w¸ô¢°¢²¸¹¤Q¤­¼Ó",6015,2700,1000,1400,900,700,2000,3,1
203408.587870739,"·s©±°Ï","·s¥_¥«·s©±°ÏÄ_¼yµó¢°¢±¸¹¤Q¤­¼Ó",8227,3800,1200,1400,3000,7800,2400,3,1
75221.9046186249,"Åaºq°Ï","·s¥_¥«Åaºq°Ï¥Ã©úµó¢¶¢¸¸¹¤G¼Ó",9140,1600,250,1300,1300,1100,2300,3,1
75519.1944619257,"¤¤©M°Ï","·s¥_¥«¤¤©M°Ï¦w©M¸ô¢±¢¯¢²¸¹¥|¼Ó",14132,2500,4000,1300,550,500,1800,3,0
77857.8784757981,"¦Á¤î°Ï","·s¥_¥«¦Á¤î°Ï¤j¦P¸ô¤T¬q¢µ¢¯¢¸¸¹¢±¢¯¼Ó¤§¢²",8587,2700,1600,1300,2900,3400,3200,3,1
84461.3649182177,"Åaºq°Ï","·s¥_¥«Åaºq°Ï°êµØ¸ô¢²¤§¢°¸¹¤Q¼Ó",10082,1400,450,1300,1400,1200,2200,3,1
86730.2688638335,"¤g«°°Ï","·s¥_¥«¤g«°°Ï¾Ç¦¨¸ô¢°¢¶¸¹¤­¼Ó",15166,2200,1300,1300,2400,2300,1600,3,0
101817.360875945,"¤¤©M°Ï","·s¥_¥«¤¤©M°Ï¿³«n¸ô¤G¬q¢²¢³«Ñ¢±¢·§Ë¢´¸¹¥|¼Ó",13115,3400,2700,1300,2200,2300,2700,3,1
106342.575009495,"·s²ø°Ï","·s¥_¥«·s²ø°Ï·s®õ¸ô¢²¢µ¢¸«Ñ¢±¢¯¸¹¥|¼Ó",13541,3100,1200,1300,3000,750,3100,3,0
112038.970076548,"Äª¬w°Ï","·s¥_¥«Äª¬w°Ï¥Ã¥­µó¢²¢±«Ñ¢°¢°§Ë¢±¢´¸¹¤­¼Ó",11343,900,650,1300,900,1400,2500,3,1
112615.632122268,"®õ¤s°Ï","·s¥_¥«®õ¤s°Ï©ú§Ó¸ô¤G¬q¢µ¢¯«Ñ¢°§Ë¢·¸¹¤T¼Ó",9490,1600,2600,1300,1200,1200,2100,3,1
136494.252873563,"¤T­«°Ï","·s¥_¥«¤T­«°Ï¥¿¸q¥_¸ô¢²¢µ¢³«Ñ¢³¢³¸¹¤­¼Ó",9960,450,2300,1300,2100,500,1900,3,0
139524.743841291,"¤T®l°Ï","·s¥_¥«¤T®l°Ï¤j¸q¸ô¢±¢°¢²¸¹¤E¼Ó¤§¤@",5123,550,1900,1300,2000,1900,3600,3,1
144228.0945758,"ªL¤f°Ï","·s¥_¥«ªL¤f°Ï©¾§µ¸ô¢±¢¸¢µ¸¹¤G¤Q¤T¼Ó",1356,1200,2100,1300,700,3200,1900,3,1
147275.405007364,"¥Ã©M°Ï","·s¥_¥«¥Ã©M°Ï¤ô·½µó¢²¢¸«Ñ¢¶¸¹¥|¼Ó",17059,3200,700,1300,1600,1600,1600,4,0
153138.075313808,"¤T­«°Ï","·s¥_¥«¤T­«°Ï­«¦wµó¢°¢¸¤§¢°¸¹¤G¼Ó",977,2200,1000,1300,400,2300,700,3,1
161007.025761124,"¤g«°°Ï","·s¥_¥«¤g«°°Ï¼y¦wµó¢°¢µ¸¹¤Q¤T¼Ó",1103,350,2800,1300,170,150,850,3,1
165180.046250413,"¾ðªL°Ï","·s¥_¥«¾ðªL°Ï¤d·³µó¢°¢³¢¯¤§¢°¸¹",16955,1100,900,1300,1200,1500,1600,3,0
175142.247510669,"¤T­«°Ï","·s¥_¥«¤T­«°ÏÀsªù¸ô¢±¢³¸¹¤Q¤@¼Ó",4875,280,2400,1300,2100,300,2000,3,1
183634.493903335,"Äª¬w°Ï","·s¥_¥«Äª¬w°Ï¤¤¿³µó¢·¢¸¸¹¥|¼Ó¤§¤@",879,2300,2700,1300,2900,2300,1100,3,1
185149.715890953,"Äª¬w°Ï","·s¥_¥«Äª¬w°Ï¤¤¥¿¸ô¢±¢³¢²«Ñ¢²¸¹¤E¼Ó¤§¤G",2157,700,280,1300,900,130,1200,3,1
185913.370998117,"Äª¬w°Ï","·s¥_¥«Äª¬w°Ï¤¤¥¿¸ô¢±¢³¢²«Ñ¢´¸¹¤E¼Ó",2150,750,750,1300,900,96,1200,3,1
189372.526851328,"ªO¾ô°Ï","·s¥_¥«ªO¾ô°ÏµØ¦¿¤E¸ô¢°¢´¸¹¤Q¼Ó",814,3000,1400,1300,4600,3400,2100,3,1
199959.192001632,"ªO¾ô°Ï","·s¥_¥«ªO¾ô°ÏµØ¦¿¤@¸ô¢´¢¯¢·¸¹¤Q¤­¼Ó",957,3100,1400,1300,4700,3500,2100,3,1
21710.5263157895,"¸U¨½°Ï","·s¥_¥«¸U¨½°Ï§µ¤Cµó¢±¢µ¸¹",15623,1300,950,1200,1200,1000,1100,3,0
87809.4838438942,"¤K¨½°Ï","·s¥_¥«¤K¨½°Ï³»¯Ë¤@¸ô¢´¢±¸¹¤E¼Ó",384,1800,1600,1200,1000,650,4300,3,1
90008.7387124964,"¤K¨½°Ï","·s¥_¥«¤K¨½°Ï³»¯Ë¤@¸ô¢µ¢±¸¹¤Q¼Ó",429,1800,1600,1200,1000,650,4300,3,1
95797.953407359,"¤¤©M°Ï","·s¥_¥«¤¤©M°Ï¶ê³q¸ô¢²¢µ¢¶«Ñ¢°¢²§Ë¢±¢¶¸¹¥|¼Ó",15622,350,2000,1200,1500,1500,450,3,0
104765.817584224,"·s²ø°Ï","·s¥_¥«·s²ø°ÏÂ×¦~µó¢°¢±¢³«Ñ¢±¢¯§Ë¢¶¸¹¤T¼Ó",16049,2300,1800,1200,2500,3100,2100,3,0
105220.883534137,"·s²ø°Ï","·s¥_¥«·s²ø°Ï®õ¦wµó¢µ¢±¸¹¤G¼Ó",17204,3200,700,1200,2700,950,3200,4,0
108238.889596333,"Äª¬w°Ï","·s¥_¥«Äª¬w°Ï¤EË|µó¢´«Ñ¢´¸¹¤T¼Ó",11223,2000,1800,1200,1200,1200,1000,3,1
124044.521925707,"¤T®l°Ï","·s¥_¥«¤T®l°Ï¾Ç¦¨¸ô¢²¢°¢²¸¹¤G¼Ó¤§¢°¢´",3642,650,1700,1200,2000,1700,3300,3,0
131569.435408082,"¤g«°°Ï","·s¥_¥«¤g«°°Ï¾Ç¦¨¸ô¢¶¢¯«Ñ¢·¸¹",10419,2400,1300,1200,2700,2500,1900,3,1
140504.939626784,"·s©±°Ï","·s¥_¥«·s©±°Ï¤¤¥¿¸ô¢´¢¶«Ñ¢°¢°¸¹¥|¼Ó",17142,1600,2000,1200,450,9000,1500,3,0
143377.081724937,"²`§|°Ï","·s¥_¥«²`§|°Ï®H·sµó¢¸¢±¤§¢µ¸¹ ¤­¼Ó",5674,250,2100,1200,400,200,1600,3,1
150040.966816878,"¥Ã©M°Ï","·s¥_¥«¥Ã©M°Ï¥Ã­s¸ô¢²¢µ¢¯«Ñ¢±¸¹¤K¼Ó¤§¤»",7558,2600,1000,1200,1400,1600,1200,3,1
150667.986145473,"¤¤©M°Ï","·s¥_¥«¤¤©M°Ï´º¥­¸ô¢²¢¸¢µ¸¹¤C¼Ó¤§¤G",7797,2400,700,1200,1200,1300,1800,3,1
168405.726765348,"ªO¾ô°Ï","·s¥_¥«ªO¾ô°ÏÂù¤Q¸ô¤@¬q¢±¢±¸¹¤T¼Ó",9214,2400,850,1200,3600,3600,3200,3,1
203409.090909091,"¥Ã©M°Ï","·s¥_¥«¥Ã©M°Ï¨q®Ô¸ô¤@¬q¢¸¢µ«Ñ¢¶¸¹¤T¼Ó",16912,1800,700,1200,1000,850,1500,3,0
53172.6338177951,"Åaºq°Ï","·s¥_¥«Åaºq°Ï¨|¼wµó¢²¢¶¸¹¤G¼Ó",9450,1700,550,1100,1300,850,2300,3,1
56701.9892173266,"¤T®l°Ï","·s¥_¥«¤T®l°Ï¤¤¥¿¸ô¤@¬q¢µ¢¸¸¹¥|¼Ó",11151,1500,400,1100,36,1900,3000,3,0
57605.3667784745,"Åaºq°Ï","·s¥_¥«Åaºq°Ï¦y¤s¸ô¢°¢´¢µ«Ñ¢²¢¶¤§¢°¸¹¤G¼Ó",9686,1400,2500,1100,1600,1200,1300,3,1
79958.2826351469,"¤­ªÑ°Ï","·s¥_¥«¤­ªÑ°Ï·s«°¤»¸ô¢±¢²¢´¸¹¤­¼Ó",2715,2500,2000,1100,1700,1700,1700,3,1
84654.6627250739,"·s²ø°Ï","·s¥_¥«·s²ø°Ï¤¤¥­¸ô¢µ«Ñ¢³¢±¸¹¥|¼Ó",17548,3000,800,1100,2800,2100,3000,4,0
96806.8930562595,"¤­ªÑ°Ï","·s¥_¥«¤­ªÑ°Ï·s«°¤»¸ô¢±¢³¢¶¸¹¤T¼Ó",2701,2500,1900,1100,1600,1700,1600,3,1
100303.356492808,"·s©±°Ï","·s¥_¥«·s©±°Ï¥ÁÅv¸ô¢·¢·¸¹¤­¼Ó",10633,4000,66,1100,2100,7700,1300,3,1
105472.142945775,"¤g«°°Ï","·s¥_¥«¤g«°°Ï¤¤µØ¸ô¤G¬q¢·¢¸«Ñ¢±§Ë¢´¸¹¤­¼Ó",8647,1000,3500,1100,800,850,1300,3,1
110457.683456916,"¦Á¤î°Ï","·s¥_¥«¦Á¤î°Ï©¾§µªF¸ô¢³¢¸¢·¸¹¤Q¤K¼Ó¤§¢°",250,850,1300,1100,1100,1500,1100,3,1
114419.017996001,"¤g«°°Ï","·s¥_¥«¤g«°°Ï¾Ç©²¸ô¤G¬q¢±¢µ¢¶¸¹¤C¼Ó",-954,550,2300,1100,650,850,500,3,1
122499.484429779,"¤g«°°Ï","·s¥_¥«¤g«°°Ï¾Ç©²¸ô¤G¬q¢±¢¸¢²¸¹¤Q¥|¼Ó",-819,600,2100,1100,700,900,500,3,1
123346.340534881,"¤g«°°Ï","·s¥_¥«¤g«°°Ï¾Ç©²¸ô¤G¬q¢±¢µ¢¸¸¹¤Q¥|¼Ó",-695,600,2100,1100,700,900,500,3,1
124488.436280575,"¤g«°°Ï","·s¥_¥«¤g«°°Ï¾Ç©²¸ô¤G¬q¢±¢¶¢´¸¹¤Q¤­¼Ó",-695,600,2100,1100,700,900,500,3,1
124678.785571524,"¤g«°°Ï","·s¥_¥«¤g«°°Ï¾Ç©²¸ô¤G¬q¢±¢¶¢´¸¹¤Q¥|¼Ó",-695,600,2100,1100,700,900,500,3,1
126764.621146644,"ªO¾ô°Ï","·s¥_¥«ªO¾ô°ÏÂù¤Q¸ô¤@¬q¢²¢·¸¹¥|¼Ó",17359,2300,2600,1100,3500,3500,3100,3,0
136291.004793684,"·s©±°Ï","·s¥_¥«·s©±°Ï¼w¥¿µó¢±¢¶«Ñ¢°¢¸¸¹¥|¼Ó",16046,2100,2200,1100,750,9400,2200,3,0
136554.62184874,"Äª¬w°Ï","·s¥_¥«Äª¬w°Ï¥¿©Mµó¢°¢¯¢²¸¹¤E¼Ó",2040,1800,1600,1100,1000,850,1100,3,1
140288.228542278,"¦Á¤î°Ï","·s¥_¥«¦Á¤î°Ï©¾§µªF¸ô¢³¢¸¢·¸¹¥|¼Ó¤§¢°",257,850,1300,1100,1100,1500,1100,3,1
155295.579252511,"¤¤©M°Ï","·s¥_¥«¤¤©M°Ï«n¤s¸ô¢±¢´¢·¤§¢·¸¹¤C¼Ó",1123,2600,1900,1100,1400,1500,1900,3,1
175169.963863539,"¥Ã©M°Ï","·s¥_¥«¥Ã©M°Ï¤¤©M¸ô¢´¢²¢´¸¹¤Q¥|¼Ó¤§¤Q",4932,3000,550,1100,1400,1400,1400,3,1
63561.2879279948,"Åaºq°Ï","·s¥_¥«Åaºq°Ï¨|¼wµó¢´¸¹¤G¼Ó",10888,1700,600,1000,1100,800,2200,3,1
69124.4239631336,"Åaºq°Ï","·s¥_¥«Åaºq°Ï¦y¤s¸ô¢°¢³¢¯«Ñ¢°¢¯¸¹¤»¼Ó¤§¢°",9996,1400,2400,1000,1500,1200,1300,3,1
69482.5379411227,"²H¤ô°Ï","·s¥_¥«²H¤ô°Ï¤ô·½µó¤G¬q¢°¢¶¢¶«Ñ¢°¢°¢³¸¹¤K¼Ó",9375,2400,100,1000,2200,1500,5000,3,1
70510.4663973559,"¤¤©M°Ï","·s¥_¥«¤¤©M°Ï¶ê³q¸ô¢²¢¯¢´«Ñ¢´§Ë¢²¢¸¸¹¤­¼Ó",14590,500,1800,1000,1400,1400,350,3,0
76635.5140186916,"Åaºq°Ï","·s¥_¥«Åaºq°Ï¦y¤s¸ô¢°¢³¢¯«Ñ¢°¢¯¸¹¤C¼Ó¤§¢±",9963,1400,2400,1000,1500,1200,1300,3,1
111319.428169674,"¤¤©M°Ï","·s¥_¥«¤¤©M°Ï¶ê³q¸ô¢±¢´¢±«Ñ¢°¢·§Ë¢´¸¹¤T¼Ó",14869,400,1900,1000,1400,1500,400,3,0
113187.588152327,"Äª¬w°Ï","·s¥_¥«Äª¬w°Ï¥Ã¦w«n¸ô¤G¬q¢³¢±«Ñ¢°¸¹¤K¼Ó¤§¤@",10225,2800,1900,1000,1300,1300,1400,3,1
127801.561319567,"¤T­«°Ï","·s¥_¥«¤T­«°Ï¤¤¥¿«n¸ô¢°¢´¢²¸¹¤T¼Ó",14303,3000,1300,1000,650,3000,750,3,0
133382.393524055,"¦Á¤î°Ï","·s¥_¥«¦Á¤î°Ï©¾§µªF¸ô¢´¢¯¢·¤§¢°¸¹¤Q¼Ó",206,950,1200,1000,1400,1900,1000,3,1
135486.265775798,"¤­ªÑ°Ï","·s¥_¥«¤­ªÑ°Ï·s«°¤T¸ô¢´¸¹¤Q¤T¼Ó",2482,2500,2000,1000,1700,1700,1700,3,1
138072.618951775,"²`§|°Ï","·s¥_¥«²`§|°Ï¥_²`¸ô¤T¬q¢±¢³¢µ¸¹¤G¼Ó",4575,2000,160,1000,1800,1900,650,3,1
140400.14040014,"®õ¤s°Ï","·s¥_¥«®õ¤s°Ï¤¯¼w¸ô¢°¢±¢°¸¹¤­¼Ó",6688,1200,1800,1000,800,850,2400,3,1
145665.145665146,"®õ¤s°Ï","·s¥_¥«®õ¤s°Ï¤¯¼w¸ô¢°¢±¢°¸¹¤G¼Ó",6685,400,1800,1000,800,850,2400,3,1
147986.663246986,"¤T­«°Ï","·s¥_¥«¤T­«°Ï¤T©M¸ô¤@¬q¢¸¢°¸¹¤C¼Ó",2573,700,2600,1000,1800,600,2000,3,1
152727.272727273,"¤T­«°Ï","·s¥_¥«¤T­«°Ïªø¹Ø¦èµó¢°¢¶¢¶¸¹¥|¼Ó",18548,950,850,1000,1300,1000,850,4,0
168878.166465621,"Äª¬w°Ï","·s¥_¥«Äª¬w°Ï¥úºa¸ô¢´¢°¸¹¤­¼Ó",4793,750,450,1000,450,600,2200,3,0
195293.60017594,"¥Ã©M°Ï","·s¥_¥«¥Ã©M°ÏÀôªe¦è¸ô¤@¬q¢¶¢¸¸¹¤Q¤T¼Ó¤§¤T",4385,3100,3500,1000,1800,2600,1600,3,1
214373.213556554,"ªO¾ô°Ï","·s¥_¥«ªO¾ô°Ï¤å¤Æ¸ô¤G¬q¢°¢·¢±«Ñ¢²§Ë¢³¢µ¤§¢´¸¹¤»¼Ó",3110,2300,1100,1000,3500,2600,2200,2,1
248061.131386861,"·s©±°Ï","·s¥_¥«·s©±°Ï¥_·s¸ô¤@¬q¢°¢³¢·¸¹¤G¤Q¥|¼Ó",1557,1900,1700,1000,400,2600,1200,2,1
65465.1470978002,"²H¤ô°Ï","·s¥_¥«²H¤ô°Ï¥_·s¸ô¢°¢·¢³«Ñ¢°¢¯¢¯¸¹¤­¼Ó",6503,2400,130,950,2200,1400,5100,3,1
129887.16872212,"¤T®l°Ï","·s¥_¥«¤T®l°Ï¤¤¥¿¸ô¤@¬q¢°¢¯¢·«Ñ¢¶§Ë¢¸¸¹",9001,1700,600,950,250,2100,2800,3,1
206931.459536712,"·s©±°Ï","·s¥_¥«·s©±°Ï¤¤¿³¸ô¤G¬q¢±¢²¢´¸¹¤­¼Ó",4344,2200,2200,950,1400,8700,2400,3,1
18421.0526315789,"¸U¨½°Ï","·s¥_¥«¸U¨½°Ï©¾¤Gµó¢´¸¹¢±¼Ó",15959,1000,650,900,900,750,850,3,0
49930.8649562145,"Åaºq°Ï","·s¥_¥«Åaºq°Ï¨|´¼¸ô¢¶¢²¤§¢°¸¹¤»¼Ó",9688,1200,750,900,1100,700,2100,3,1
82485.0824850825,"¤T­«°Ï","·s¥_¥«¤T­«°Ï¦P¦wµó¢¸¢·¸¹¤T¼Ó",16217,2900,1400,900,700,2900,800,3,0
84240.0842400842,"¤T­«°Ï","·s¥_¥«¤T­«°Ï¦P¦wµó¢¸¢·¸¹¤G¼Ó",16217,2900,1400,900,700,2900,800,3,0
89565.6068069861,"¦Á¤î°Ï","·s¥_¥«¦Á¤î°Ï©¾§µªF¸ô¢´¢°¢´¸¹¢¶¼Ó",10426,1000,1100,900,1400,1800,1000,3,1
91716.547596061,"Äª¬w°Ï","·s¥_¥«Äª¬w°Ï¥úµØ¸ô¢°¢±¢±¸¹¤G¼Ó",12885,1600,1400,900,800,550,1100,3,0
98266.9287118099,"Äª¬w°Ï","·s¥_¥«Äª¬w°Ï¥Ã¦w«n¸ô¤G¬q¢·¢¯«Ñ¢²¸¹¤T¼Ó",12156,2200,1700,900,1100,1100,1700,3,1
102922.039512599,"¤¤©M°Ï","·s¥_¥«¤¤©M°Ï¶ê³q¸ô¢±¢´¢±«Ñ¢±¸¹¥|¼Ó",14520,450,1700,900,1200,1300,210,3,0
114365.272736313,"ªO¾ô°Ï","·s¥_¥«ªO¾ô°Ï¤å¸tµó¢±¢¯¢¯¸¹¤C¼Ó",11306,2400,800,900,3600,3600,3300,3,1
115801.951308471,"·s©±°Ï","·s¥_¥«·s©±°ÏÄ_¤¤¸ô¢µ¢´«Ñ¢±¢±¸¹¤T¼Ó",18006,3100,12500,900,2300,3800,1700,3,0
154175.106909746,"¤T®l°Ï","·s¥_¥«¤T®l°Ï¤j¾Ç¸ô¢·¢´¸¹¤Q¤T¼Ó¤§¤@",3701,500,1600,900,1600,1600,3200,3,1
159662.428009352,"¥Ã©M°Ï","·s¥_¥«¥Ã©M°Ï¥Ã­s¸ô¢²¢²¢±«Ñ¢±¢·¸¹¤C¼Ó",15140,2500,1900,900,1300,1500,1200,3,1
192099.567099567,"¤g«°°Ï","·s¥_¥«¤g«°°Ï¼Ö§Qµó¢²¢´¸¹",10393,2300,1200,900,2600,2400,1800,3,1
210869.356848462,"¤T­«°Ï","·s¥_¥«¤T­«°ÏªeÃä¥_µó¢°¢¶¸¹¤C¼Ó¤§¤G",569,1200,1800,900,1600,1200,1800,1,1
52773.6131934033,"ª÷¤s°Ï","·s¥_¥«ª÷¤s°Ï¤¤µØ¸ô¢°¢°¢±«Ñ¢³¸¹¢²¼Ó",16211,500,550,850,900,3400,800,3,0
59660.3946764571,"¤K¨½°Ï","·s¥_¥«¤K¨½°Ï¤¤µØ¸ô¤G¬q¢²¢¯¢·«Ñ¢µ§Ë¢°¢²¸¹¤»¼Ó",10756,1400,2800,850,950,450,3900,3,1
85991.9167598246,"¤T®l°Ï","·s¥_¥«¤T®l°Ï¤¤µØ¸ô¢µ¢¸¸¹¥|¼Ó¤§¢³",9407,1800,800,850,450,1000,2600,3,1
90649.6558670472,"¤T­«°Ï","·s¥_¥«¤T­«°Ï¤¤¼dµó¢±¢¯¤§¢²¸¹¤G¼Ó",18006,1800,1000,850,290,1800,350,4,0
100229.095074456,"ªO¾ô°Ï","·s¥_¥«ªO¾ô°Ï¥ÃÂ×µó¢¶¢´«Ñ¢°¢¸¸¹¥|¼Ó",15150,1300,2000,850,7100,2100,2300,3,0
114108.990082116,"¤g«°°Ï","·s¥_¥«¤g«°°Ï¾Ç¦¨¸ô¢°¢²¢¶«Ñ¢°¢·¸¹¥|¼Ó",13473,2600,1400,850,2800,2400,2100,3,0
125167.908169496,"ªL¤f°Ï","·s¥_¥«ªL¤f°Ï©¾§µ¸ô¢²¢·¢¯¸¹¥|¼Ó¤§¤G",4937,1500,2200,850,850,2700,2700,3,1
131865.350544166,"®õ¤s°Ï","·s¥_¥«®õ¤s°Ï¤¯¼w¸ô¢°¢¯¢¯¸¹¤­¼Ó",7185,1000,1700,850,750,800,2400,3,1
131941.071717662,"¤g«°°Ï","·s¥_¥«¤g«°°Ï¸Î¥Á¸ô¢µ¢¶«Ñ¢³§Ë¢³¸¹¤­¼Ó",10474,2500,1300,850,2800,2300,1900,3,1
148131.267092069,"¤T­«°Ï","·s¥_¥«¤T­«°Ï¤¤¥¡¥_¸ô¢¸¢¯«Ñ¢±¸¹¤­¼Ó¤§¤@",2153,600,2600,850,1700,450,2100,3,1
158650.214051876,"ªL¤f°Ï","·s¥_¥«ªL¤f°Ï¤å¤Æ¤T¸ô¤@¬q¢°¢¸¢°«Ñ¢°¢°¸¹¤E¼Ó¤§¤G",3544,450,2200,850,3900,4000,2100,3,1
192631.832410306,"ªO¾ô°Ï","·s¥_¥«ªO¾ô°ÏµØ¦¿¤@¸ô¢²¢²¸¹¥|¼Ó",58,3400,2400,850,4600,3700,3100,3,1
52000.5777841976,"¤K¨½°Ï","·s¥_¥«¤K¨½°Ï¤¤¤s¸ô¤G¬q¢±¢´¢´«Ñ¢±¢±¸¹¤C¼Ó",10262,1400,1600,800,650,18,3900,3,1
73542.600896861,"Åaºq°Ï","·s¥_¥«Åaºq°Ï¦y¤s¸ô¢°¢¯¢²¸¹¤T¼Ó¤§¢¶",9520,1100,2200,800,1300,1000,1400,3,1
100671.856670577,"¤g«°°Ï","·s¥_¥«¤g«°°Ï¾Ç¦¨¸ô¢°¢²¢¶«Ñ¢·¸¹¤T¼Ó",13557,2600,1400,800,2200,2300,2100,3,0
131576.931913916,"¤T®l°Ï","·s¥_¥«¤T®l°Ï°ê¼y¸ô¢°¢µ¢µ¸¹¤T¼Ó",5702,800,1800,800,1500,1300,2400,3,0
136456.211812627,"¤T­«°Ï","·s¥_¥«¤T­«°Ï¤¤¥¡¥_¸ô¢µ¢µ¸¹¤»¼Ó",8597,750,2400,800,1600,500,1800,3,0
140711.374169412,"ªL¤f°Ï","·s¥_¥«ªL¤f°Ï¤å¤Æ¤T¸ô¤@¬q¢²¢¸«Ñ¢°¢·¢´¸¹¤K¼Ó",3937,280,2500,800,650,4400,1900,3,1
154833.392205346,"·s©±°Ï","·s¥_¥«·s©±°Ï¤T¥Á¸ô¢¸¸¹¤T¼Ó",16819,2300,1400,800,800,9500,900,4,0
193676.459972569,"·s©±°Ï","·s¥_¥«·s©±°Ï¤¤¿³¸ô¤T¬q¢±¢²¢±¸¹¤Q¤G¼Ó",3885,4100,750,800,3400,8000,2700,3,1
238722.832844283,"¥Ã©M°Ï","·s¥_¥«¥Ã©M°Ï¥Ã¥­¸ô¢±¢°¢·«Ñ¢±¸¹",12273,3400,2100,800,1800,1900,1200,3,0
34506.5562456867,"²H¤ô°Ï","·s¥_¥«²H¤ô°Ï¤j«iµó¢´¸¹",15866,1300,1100,750,850,270,5000,3,0
51008.8415325323,"Åaºq°Ï","·s¥_¥«Åaºq°Ï¤¤¤s¸ô¢±¢³¢¸«Ñ¢µ¢´¸¹¤­¼Ó",11803,1000,1000,750,750,800,2800,3,0
77063.7408568443,"®õ¤s°Ï","·s¥_¥«®õ¤s°Ï©ú§Ó¸ô¤@¬q¢³¢±¢¯«Ñ¢³¸¹¤T¼Ó",15850,1900,1600,750,650,1400,2500,3,0
110913.323291798,"·s©±°Ï","·s¥_¥«·s©±°Ï¤¤¿³¸ô¤T¬q¢±¢¯¢·¸¹¥|¼Ó",13960,3300,750,750,2500,3900,1800,3,0
124580.218827863,"¤g«°°Ï","·s¥_¥«¤g«°°Ï¸Î¥Á¸ô¢µ¢²¸¹¤T¼Ó",13473,2500,1300,750,2600,2300,2000,3,0
129996.750081248,"¤T­«°Ï","·s¥_¥«¤T­«°Ï­«·s¸ô¤T¬q¢¸¢±¸¹¤Q¤@¼Ó",9315,1600,1200,750,350,1600,240,3,1
135344.160866203,"¤¤©M°Ï","·s¥_¥«¤¤©M°Ï³s«°¸ô¢°¢¶¢°«Ñ¢³¢±¸¹¤­¼Ó",4307,1400,1000,750,750,750,700,3,1
146049.109740486,"¥Ã©M°Ï","·s¥_¥«¥Ã©M°Ï¿Ý·Ëµó¢°¢´¢°«Ñ¢¶¸¹¤G¼Ó",16016,2100,1800,750,210,750,500,3,0
156862.745098039,"¥Ã©M°Ï","·s¥_¥«¥Ã©M°Ï¤¤¥¿¸ô¢´¢·¢·¸¹¤E¼Ó¤§¤Q¤E",10820,2300,1500,750,650,800,700,3,1
176852.743022137,"¤¤©M°Ï","·s¥_¥«¤¤©M°Ï«n¤s¸ô¢°¢°¢°«Ñ¢±¸¹",17066,1700,600,750,180,220,1300,4,0
190941.674812643,"·s©±°Ï","·s¥_¥«·s©±°Ï¤G¤Q±i¸ô¢°¢°«Ñ¢°¢°¸¹¤­¼Ó",6353,3700,400,750,2000,4300,1300,3,1
192714.126807564,"¤¤©M°Ï","·s¥_¥«¤¤©M°Ï©úÂ§µó¢²¢¶¸¹¤Q¥|¼Ó",6332,2400,1000,750,500,550,1700,3,1
54418.8071397475,"¤TªÛ°Ï","·s¥_¥«¤TªÛ°Ï¤¤¿³µó¤G¬q¢¶¢µ¸¹¤@¼Ó",9391,650,600,700,450,450,10000,3,1
55322.8483363629,"ª÷¤s°Ï","·s¥_¥«ª÷¤s°Ï«H¸q¸ô¢³¢²¸¹¤G¼Ó",985,500,350,700,700,3700,1100,3,1
117868.23606343,"®õ¤s°Ï","·s¥_¥«®õ¤s°Ï©ú§Ó¸ô¤@¬q¢²¢´¢±«Ñ¢±¢²¸¹¤­¼Ó",16,1900,1500,700,550,600,2800,3,1
137222.288226209,"ªL¤f°Ï","·s¥_¥«ªL¤f°Ï¤å¤Æ¤T¸ô¤@¬q¢±¢°¢²¸¹¤T¼Ó",449,400,2900,700,130,3800,2100,3,1
141853.243994117,"®õ¤s°Ï","·s¥_¥«®õ¤s°ÏºÖ¿³¤Tµó¢³¢±¸¹¤Q¼Ó",167,450,1600,700,600,700,2800,3,0
146337.464751787,"ªL¤f°Ï","·s¥_¥«ªL¤f°Ï¤å¤Æ¤T¸ô¤@¬q¢±¢¯¢¶¸¹¤G¤Q¥|¼Ó",460,400,2900,700,130,3900,2100,3,1
152734.189253447,"¤g«°°Ï","·s¥_¥«¤g«°°Ï¾Ç©²¸ô¤G¬q¢°¢±¸¹¥|¼Ó",11154,1500,1400,700,1700,1600,750,3,0
191303.139761045,"¤¤©M°Ï","·s¥_¥«¤¤©M°Ï³s³Óµó¢¸¢²¸¹¤Q¼Ó",663,1300,900,700,750,800,550,3,1
211653.09916031,"·s©±°Ï","·s¥_¥«·s©±°ÏÄ_¾ô¸ô¢¶¢·«Ñ¢±¢´¸¹¤C¼Ó",4351,2300,1700,700,1500,3000,1800,3,1
31199.754995789,"¤TªÛ°Ï","·s¥_¥«¤TªÛ°Ï©¾§µµó¢°¢´¢µ¸¹¤C¼Ó",9140,750,750,650,850,850,10700,3,1
34402.9322873127,"¤TªÛ°Ï","·s¥_¥«¤TªÛ°Ï©¾§µµó¢°¢´¢µ¤§¢°¸¹¤C¼Ó",9138,750,750,650,850,850,10700,3,1
63311.6008405625,"¤­ªÑ°Ï","·s¥_¥«¤­ªÑ°Ï¦¨®õ¸ô¥|¬q¢°¢´¸¹¤§¢°¤Q¥|¼Ó",9645,4100,3500,650,3300,3200,3300,3,1
86136.8438160247,"¤­ªÑ°Ï","·s¥_¥«¤­ªÑ°Ï¦¨®õ¸ô¥|¬q¢°¢·¸¹¤Q¤­¼Ó¤§¤@",9554,4200,3600,650,3400,3300,3400,3,1
100826.77959266,"®õ¤s°Ï","·s¥_¥«®õ¤s°ÏºÖ¿³¤Gµó¢°¢²¸¹¤T¼Ó",7115,1100,3700,650,550,2300,2800,3,1
102873.878821161,"¤K¨½°Ï","·s¥_¥«¤K¨½°Ï°Ó´ä¤G¸ô¢²¢´¸¹¤Q¤K¼Ó",120,1100,1600,650,400,850,3400,3,1
147538.437645597,"¤T­«°Ï","·s¥_¥«¤T­«°Ï­«·s¸ô¤T¬q¢³¢¶«Ñ¢´§Ë¢±¢±¸¹",10589,1800,1400,650,600,1400,400,3,0
162905.041170547,"¥Ã©M°Ï","·s¥_¥«¥Ã©M°Ï°ê¥ú¸ô¢µ¢°¸¹¤C¼Ó",9918,2100,1400,650,300,650,450,3,0
120370.37037037,"¤T­«°Ï","·s¥_¥«¤T­«°Ï¤¤¥¡¥_¸ô¢±¢¶«Ñ¢µ¸¹¤T¼Ó",14919,850,2100,600,1400,700,1600,3,0
134664.49965173,"¥Ã©M°Ï","·s¥_¥«¥Ã©M°Ï«OºÖ¸ô¤G¬q¢·¢·«Ñ¢´¸¹¥|¼Ó",17571,3900,2200,600,1500,2000,850,4,0
204677.444671166,"¤¤©M°Ï","·s¥_¥«¤¤©M°Ï´º¥­¸ô¢´¢±¢±¤§¢´¸¹¤T¼Ó",84,1900,1000,600,550,600,1500,3,1
217121.723050147,"¤¤©M°Ï","·s¥_¥«¤¤©M°Ï´º¥­¸ô¢´¢±¢±¤§¢²¸¹¤»¼Ó",85,1900,1000,600,550,600,1500,3,1
25000,"ª÷¤s°Ï","·s¥_¥«ª÷¤s°Ï¤¤¤s¸ô¢±¢µ¢²«Ñ¢¸¸¹¢²¼Ó",15223,83,220,550,550,3700,1100,3,0
86558.0448065173,"¤K¨½°Ï","·s¥_¥«¤K¨½°Ï°Ó´ä¤G¸ô¢°¢²¤§¢°¸¹¤G¼Ó",100,1100,2500,550,400,850,3800,3,1
87637.6609275632,"¤K¨½°Ï","·s¥_¥«¤K¨½°Ï°Ó´ä¤G¸ô¢°¢²¸¹¤G¼Ó",133,1100,2500,550,400,850,3800,3,1
93349.6034167175,"¤K¨½°Ï","·s¥_¥«¤K¨½°Ï°Ó´ä¤G¸ô¢²¢¶¸¹¥|¼Ó",105,1100,2500,550,400,850,3800,3,1
94810.8879600367,"²H¤ô°Ï","·s¥_¥«²H¤ô°Ï¥_·s¸ô¢°¢·¢±«Ñ¢¶¢±¸¹¤G¼Ó",7734,2000,500,550,1800,1100,5400,3,1
99061.7765322286,"¤K¨½°Ï","·s¥_¥«¤K¨½°Ï°Ó´ä¤G¸ô¢°¢°¸¹¤E¼Ó",114,1300,2500,550,400,850,3800,3,1
103079.500064425,"¤g«°°Ï","·s¥_¥«¤g«°°Ï¼Ö§Qµó¢²«Ñ¢°¸¹¤G¼Ó",15802,2300,1700,550,2500,2100,1800,3,0
112665.112665113,"Äª¬w°Ï","·s¥_¥«Äª¬w°Ïªø¦wµó¢±¢³¢µ«Ñ¢²¢²¸¹¥|¼Ó",11387,1800,900,550,350,900,2700,3,0
143334.925943622,"¤T­«°Ï","·s¥_¥«¤T­«°Ï¥ú¿³µó¢°¢³¢¯¸¹¤T¼Ó",10092,1800,550,550,650,1800,500,3,0
145087.235996327,"¤g«°°Ï","·s¥_¥«¤g«°°Ï¸Î¥Á¸ô¢·¸¹¤G¤Q¤G¼Ó",8740,2200,1600,550,2000,2600,2100,3,1
173191.952147906,"¤¤©M°Ï","·s¥_¥«¤¤©M°Ï«n¤s¸ô¢±¢³¢´¸¹¤Q¤G¼Ó",191,1900,1200,550,700,750,1200,3,1
198533.55893965,"·s©±°Ï","·s¥_¥«·s©±°ÏÄ_¾ô¸ô¢¶¢·«Ñ¢°¢¯¸¹¤Q¤T¼Ó",3269,2300,1700,550,1500,3000,1700,3,1
202569.353937814,"¤T­«°Ï","·s¥_¥«¤T­«°Ï¤¤¥¿«n¸ô¢·«Ñ¢°¢µ¸¹¤Q¤T¼Ó",3481,1500,1300,550,500,1500,300,3,1
57326.3013070397,"¥Ã©M°Ï","·s¥_¥«¥Ã©M°Ï¤¯·R¸ô¢°¢³¢°«Ñ¢²§Ë¢±¸¹¤»¼Ó",11981,3300,2000,500,1400,1900,750,3,1
75625.3635834788,"²H¤ô°Ï","·s¥_¥«²H¤ô°Ï¤j©¾µó¢°¢°¢¶¸¹¤Q¤@¼Ó¤§¢°¢²",10288,1900,700,500,1800,1000,6000,3,1
83921.4352521044,"¤K¨½°Ï","·s¥_¥«¤K¨½°Ï°Ó´ä¤C¸ô¢²¸¹¤­¼Ó",256,1200,2100,500,400,450,3600,3,1
97535.285443438,"Äª¬w°Ï","·s¥_¥«Äª¬w°Ï¤¤¤s¤G¸ô¢±¢°¸¹¤­¼Ó",14016,1700,1800,500,1900,1400,180,3,0
103538.747040379,"¤K¨½°Ï","·s¥_¥«¤K¨½°Ï°Ó´ä¤C¸ô¢°¢°¸¹¤Q¼Ó",264,1200,2100,500,400,450,3600,3,1
104627.766599598,"¦Á¤î°Ï","·s¥_¥«¦Á¤î°Ï«Oªø¸ô¢¶¢µ¸¹¤C¼Ó",4400,2100,700,500,2300,2800,2000,3,1
112954.237397534,"¤T­«°Ï","·s¥_¥«¤T­«°Ï¤¤¥¡«n¸ô¢°¢¯¢´¸¹¤C¼Ó",8160,1600,2300,500,1600,1600,1800,3,0
139073.648566937,"·s©±°Ï","·s¥_¥«·s©±°Ï¥_·s¸ô¤G¬q¢³¢´¸¹¤T¼Ó",16354,2100,1800,500,650,9300,1300,3,0
143712.574850299,"¤T­«°Ï","·s¥_¥«¤T­«°Ï¤¤¥¡«n¸ô¢°¢¯¢´¸¹¤C¼Ó¤§¤@",8159,1600,2300,500,1600,1600,1800,3,0
152166.129609739,"¤¤©M°Ï","·s¥_¥«¤¤©M°Ï¤¤¥¿¸ô¢±¢µ¢¶¤§¢°¸¹¤Q¤­¼Ó",10107,800,2200,500,750,1700,280,3,1
159974.249617768,"·s©±°Ï","·s¥_¥«·s©±°ÏÄ_¾ô¸ô¢¶¢±¤§¢²¸¹¤C¼Ó",7235,2500,1600,500,1100,3100,1700,3,1
164271.047227926,"¤¤©M°Ï","·s¥_¥«¤¤©M°Ï«nµØ¸ô¢¸¸¹¤T¼Ó¤§¤@",8640,2100,350,500,400,450,1400,3,1
165196.788205871,"·s©±°Ï","·s¥_¥«·s©±°ÏÄ_¾ô¸ô¢µ¢·¸¹¤G¼Ó",7238,2500,1600,500,1100,3100,1700,3,1
211456.628477905,"¥Ã©M°Ï","·s¥_¥«¥Ã©M°Ï«OºÖ¸ô¤G¬q¢·¢·«Ñ¢±¢²¸¹¤Q¤T¼Ó¤§¤@",3446,3700,2000,500,1400,1000,800,1,1
220434.255483302,"·s©±°Ï","·s¥_¥«·s©±°ÏÄ_¾ô¸ô¢¶¢±¸¹¤G¼Ó",7211,2500,1600,500,1100,9000,1700,3,1
84005.747761689,"®õ¤s°Ï","·s¥_¥«®õ¤s°Ï®õªL¸ô¤G¬q¢°¢°¢µ«Ñ¢±§Ë¢²¢µ¸¹¤G¼Ó",14771,550,1400,450,400,500,2800,3,0
151465.00535384,"Äª¬w°Ï","·s¥_¥«Äª¬w°Ï¤¤µØµó¢°¢°¢´¸¹¤G¼Ó",7617,2100,1600,450,850,1000,2100,3,1
170731.707317073,"¥Ã©M°Ï","·s¥_¥«¥Ã©M°Ï¤¤¥¿¸ô¢µ¢·¢¯«Ñ¢µ¸¹¤T¼Ó",12552,2500,1300,450,350,850,400,3,0
179782.903663501,"¤T®l°Ï","·s¥_¥«¤T®l°Ï¥Á¥Íµó¢°«Ñ¢°¤§¢µ¢²¸¹",1045,800,1300,450,1000,1200,2300,3,1
183608.094382374,"·s²ø°Ï","·s¥_¥«·s²ø°Ï¤¤µØ¸ô¤@¬q¢²¢´¸¹¤E¼Ó¤§¤G",1718,2800,5500,450,2200,2100,2800,1,1
203218.297743143,"¥Ã©M°Ï","·s¥_¥«¥Ã©M°Ï³Õ·Rµó¢±¸¹¥|¼Ó",2014,3000,3400,450,950,3700,600,3,1
204099.586522389,"ªO¾ô°Ï","·s¥_¥«ªO¾ô°ÏÂù¤Q¸ô¤G¬q¢±¢±¢²¸¹¤Q¤C¼Ó",8803,2800,2000,450,4100,2800,2500,1,1
233579.59720676,"¥Ã©M°Ï","·s¥_¥«¥Ã©M°Ï³Õ·Rµó¢±¸¹¤Q¼Ó",2033,3000,3400,450,1700,3700,600,3,1
254649.856447385,"ªO¾ô°Ï","·s¥_¥«ªO¾ô°Ï¤å¤Æ¸ô¤G¬q¢²¢·¢´¤§¢´¸¹¤C¼Ó",4542,2600,1900,450,7600,2900,2500,3,1
61496.832913105,"¤­ªÑ°Ï","·s¥_¥«¤­ªÑ°Ï­â¶³¸ô¤@¬q¢°¢¯¢¸«Ñ¢±¢¶¸¹¤G¼Ó",10729,3600,3100,400,2800,2700,2800,3,1
86538.4615384615,"Äª¬w°Ï","·s¥_¥«Äª¬w°Ïªø¦wµó¢±¢¸¢¸«Ñ¢²¢·¸¹¤T¼Ó",12616,2100,1200,400,550,1200,2900,3,0
93286.6899883392,"¾ðªL°Ï","·s¥_¥«¾ðªL°Ï«O¦wµó¤G¬q¢³¢´«Ñ¢°¢²§Ë¢µ¸¹¤­¼Ó",15367,1800,1500,400,550,2000,2200,3,0
98750.5038291012,"·s²ø°Ï","·s¥_¥«·s²ø°ÏµØ¿³µó¢²¸¹¤T¼Ó",16828,2300,4400,400,2400,1700,2300,4,0
108409.024318781,"·s²ø°Ï","·s¥_¥«·s²ø°Ï¤¤¥¿¸ô¢²¢¸¢°¸¹¤Q¼Ó",8729,2900,900,400,7800,1900,3000,3,1
128462.91331546,"¤¤©M°Ï","·s¥_¥«¤¤©M°Ï¶ê³q¸ô¢°¢³¢°«Ñ¢²¢¶§Ë¢±¸¹¤G¼Ó",14537,1300,950,400,450,700,800,3,0
149356.617647059,"·s²ø°Ï","·s¥_¥«·s²ø°Ï·s®õ¸ô¢±¤§¢±¢¯¸¹¥|¼Ó¤§¤G",1975,2500,4400,400,1900,1900,2300,3,1
154896.142433234,"ªL¤f°Ï","·s¥_¥«ªL¤f°Ï¤½¶é¸ô¢°¢²¸¹¤Q¤G¼Ó",1688,1000,3000,400,650,3300,1500,3,1
163275.884411041,"¤¤©M°Ï","·s¥_¥«¤¤©M°Ï¤¤¿³µó¢±¢±¢±¸¹¤Q¤G¼Ó¤§¤»",4904,2000,1800,400,1300,1400,1200,3,1
181217.953220482,"Äª¬w°Ï","·s¥_¥«Äª¬w°Ï¥Ã±dµó¢°«Ñ¢²¢°¸¹¤Q¼Ó",178,1800,240,400,190,700,2300,3,1
222437.137330754,"ªO¾ô°Ï","·s¥_¥«ªO¾ô°Ï¤å¤Æ¸ô¤G¬q¢²¢µ¢¶¸¹¥|¼Ó¤§¢¶",5537,2600,1900,400,3700,3200,2500,3,1
87870.1050620821,"Äª¬w°Ï","·s¥_¥«Äª¬w°Ïªø¦wµó¢°¢¸¢³«Ñ¢±¢µ§Ë¢µ¸¹¥|¼Ó",12457,2000,1000,350,210,700,2300,3,0
117130.307467057,"Äª¬w°Ï","·s¥_¥«Äª¬w°Ïªø¦wµó¢°¢¯¢·«Ñ¢±¢·¸¹¤Q¼Ó¤§¥|",10916,1900,1200,350,450,550,1900,3,1
126436.781609195,"Äª¬w°Ï","·s¥_¥«Äª¬w°Ïªøºa¸ô¢°¢²¢¯¸¹¤­¼Ó",5564,2000,800,350,150,450,2000,3,1
138414.460575007,"¤g«°°Ï","·s¥_¥«¤g«°°Ï¤¤µØ¸ô¤@¬q¢±¢±¢°¸¹¤G¤Q¤E¼Ó¤§¢°",995,700,2500,350,1400,1500,1600,1,1
177559.66986393,"¤T­«°Ï","·s¥_¥«¤T­«°Ï¤¤¥¡«n¸ô¢¸¢´«Ñ¢°¢¸¤§¢°¸¹",9892,1200,1700,350,1300,1200,1400,3,1
228617.536309844,"¤T­«°Ï","·s¥_¥«¤T­«°Ï©M¥­µó¢±¢²¸¹",13949,1000,2000,350,1200,1000,1400,3,0
98160.7770200455,"·s²ø°Ï","·s¥_¥«·s²ø°Ï«Ø¤¤µó¢·¢°«Ñ¢°¢¯§Ë¢³¸¹¤T¼Ó",15188,2300,5100,300,2200,1500,2300,3,0
120379.78975924,"¤¤©M°Ï","·s¥_¥«¤¤©M°Ï´º¥­¸ô¢²¢·¢´«Ñ¢´¢±¸¹¤­¼Ó",11862,1600,1000,300,500,650,900,3,0
126291.618828932,"¤g«°°Ï","·s¥_¥«¤g«°°Ï¤é©Mµó¢°¢´¸¹¤»¼Ó",992,1600,2100,300,1400,1500,1500,1,1
133484.162895928,"¤g«°°Ï","·s¥_¥«¤g«°°Ï¤é©Mµó¢°¢¸¸¹¤Q¤»¼Ó",994,1600,2100,300,1400,1500,1500,1,1
239015.113602242,"·s©±°Ï","·s¥_¥«·s©±°Ï¥Ã·sµó¢²¢±¸¹¤E¼Ó",128,2800,1500,300,1200,3500,1500,3,1
81870.7191780822,"®õ¤s°Ï","·s¥_¥«®õ¤s°ÏºÖ¼wµó¢³¢°¸¹¥|¼Ó",14890,1600,1100,290,270,210,3300,3,0
171294.626758024,"¤¤©M°Ï","·s¥_¥«¤¤©M°Ï¤¤¥¿¸ô¢µ¢±¤§¢²¸¹¤»¼Ó",153,1600,1500,280,650,800,850,3,1
70028.0112044818,"®õ¤s°Ï","·s¥_¥«®õ¤s°Ï©ú§Ó¸ô¤@¬q¢¶¢³«Ñ¢±¸¹¤T¼Ó",14452,800,1100,270,350,2400,3400,3,0
151268.208210248,"¤¤©M°Ï","·s¥_¥«¤¤©M°Ï¤¤¥¿¸ô¢°¢µ¢¸¸¹¤­¼Ó¤§¤G",6210,1700,2000,270,750,1000,500,3,1
164623.780978796,"·s©±°Ï","·s¥_¥«·s©±°Ï¥_·s¸ô¤G¬q¢±¢±¢·«Ñ¢°¢²¸¹¤G¼Ó",16132,3200,1200,270,1600,9700,1300,3,0
160714.285714286,"¤T­«°Ï","·s¥_¥«¤T­«°Ï¥¿¸q¥_¸ô¢±«Ñ¢°§Ë¢°¢¶¸¹",18282,1000,1800,260,900,1100,750,4,0
147798.993369018,"Äª¬w°Ï","·s¥_¥«Äª¬w°Ï¤¤­ì¸ô¢°¢±«Ñ¢°¢¯¸¹¤K¼Ó",4931,2000,1100,250,270,500,2100,3,1
135562.584726615,"¤¤©M°Ï","·s¥_¥«¤¤©M°Ï¤¤¿³µó¢±¢°¢³¸¹¤C¼Ó¤§¤G",5045,1800,1700,240,1200,1300,1000,3,1
75166.2330153223,"ªL¤f°Ï","·s¥_¥«ªL¤f°Ï¤å¤Æ¤G¸ô¤@¬q¢±¢¯«Ñ¢±¢´§Ë¢³¸¹¥|¼Ó¤§¥|",10140,750,2600,220,3600,3200,1300,3,1
140961.162335848,"¥Ã©M°Ï","·s¥_¥«¥Ã©M°Ï¤¯·R¸ô¢°¢¯¸¹¤T¼Ó",15260,3300,1800,220,1000,1700,500,3,0
103222.729440621,"ªL¤f°Ï","·s¥_¥«ªL¤f°Ï¤å¤Æ¤G¸ô¤@¬q¢±¢¯«Ñ¢±¢´§Ë¢¶¸¹",10224,750,2700,210,450,3200,3300,3,1
116984.718871097,"Äª¬w°Ï","·s¥_¥«Äª¬w°Ïªø¦wµó¢°¢¶¢±«Ñ¢±¢´¸¹¤»¼Ó",10497,2100,1100,210,270,600,2200,3,1
77286.389008158,"ªL¤f°Ï","·s¥_¥«ªL¤f°Ï¤å¤Æ¤G¸ô¤@¬q¢±¢¯«Ñ¢±¢°¸¹¤E¼Ó¤§¤»",10301,750,2700,200,450,3200,3300,3,1
150991.808941084,"¤g«°°Ï","·s¥_¥«¤g«°°Ï¤¤¥¡¸ô¤@¬q¢±¢µ¢·¸¹¤Q¤E¼Ó¤§¢°",995,1500,2000,200,1200,1300,1400,1,1
131118.881118881,"¤T®l°Ï","·s¥_¥«¤T®l°Ï´_¿³¸ô¢³¢±«Ñ¢·¸¹¤C¼Ó¤§¤G",10123,950,450,180,800,700,2200,3,1
132007.233273056,"¤g«°°Ï","·s¥_¥«¤g«°°Ï¸Î¥Í¸ô¢°¢¯¢±«Ñ¢°¢¶¸¹¤G¼Ó",16107,2100,1900,160,1600,1700,1600,3,0
135998.351535133,"¤T­«°Ï","·s¥_¥«¤T­«°ÏºÖ¸Îµó¢°¢¸¸¹¥|¼Ó",13758,1100,1300,160,1100,1100,1300,3,1
61403.5087719298,"¤K¨½°Ï","·s¥_¥«¤K¨½°Ï¤¤µØ¸ô¤G¬q¢´¢²¢·¤§¢µ¸¹¥|¼Ó",9882,700,2600,150,270,700,3200,3,1
223120.452708165,"¥Ã©M°Ï","·s¥_¥«¥Ã©M°Ï¤¤¿³µó¢³¢³«Ñ¢±¸¹¤T¼Ó",109,2500,1800,150,650,1200,120,3,1
232801.94017785,"¥Ã©M°Ï","·s¥_¥«¥Ã©M°Ï¤¤¿³µó¢³¢³«Ñ¢±¸¹¤­¼Ó",110,2500,1800,150,650,1200,120,3,1
84841.628959276,"¤T­«°Ï","·s¥_¥«¤T­«°Ï¥¿¸q¥_¸ô¢µ¤§¢°¸¹¤C¼Ó¤§¤G¤Q",13055,1000,1700,140,950,1000,750,3,1
99888.0564884182,"Äª¬w°Ï","·s¥_¥«Äª¬w°Ïªø¦wµó¢±¢²¢²«Ñ¢°¢·¸¹¥|¼Ó",11888,2600,1700,110,500,1100,2700,3,0
215272.727272727,"¥Ã©M°Ï","·s¥_¥«¥Ã©M°Ï¥Ã©M¸ô¤G¬q¢°¢¯¢¯¸¹¤Q¼Ó¤§¤Q¤K",10066,3400,1700,64,750,1400,350,3,1
114842.526535584,"¤T®l°Ï","·s¥_¥«¤T®l°Ï¥Á¥Íµó¢´¢±¸¹¥|¼Ó",6802,700,1100,60,750,850,1900,3,1
